"Variable","Statistic","Df","P","P_adjusted_holm"
"M.BV/TV",35.7699623905506,3,8.37566872370245e-08,9.2132355960727e-07
"M.BS/BV",23.3144511152,3,3.47247107435231e-05,0.000208348264461138
"M.Tb.Pf",33.3054893279338,3,2.77651717146123e-07,2.49886545431511e-06
"M.SMI",39.21052183111,3,1.56626442099314e-08,1.87951730519177e-07
"M.Tb.Th",16.4956925427514,3,0.000897220417119093,0.001019186518139
"M.Tb.N",22.7946310935441,3,4.45653837372249e-05,0.000222826918686124
"F.BV/TV",33.0712424830072,3,3.11113392893477e-07,2.49886545431511e-06
"F.BS/BV",21.58006209366,3,7.97623251663356e-05,0.000239286975499007
"F.Tb.Pf",29.3569355456743,3,1.88417140375709e-06,1.31891998262996e-05
"F.SMI",34.3645442792502,3,1.6594217130914e-07,1.6594217130914e-06
"F.Tb.Th",17.6899453487689,3,0.000509593259069499,0.001019186518139
"F.Tb.N",22.2914726986101,3,5.67272592004995e-05,0.000226909036801998
