"Sample","Network","PC1","PC2","PC3","PC4","PC5","PC6","PC7","PC8","PC9","PC10","PC11","PC12"
"C001","SpA2",-2.38677953104033,0.458164141193159,-0.506811721246635,-0.516406391017107,0.256419363942233,0.157034294228439,-0.48851889981642,-0.0140564794987782,0.249303125662071,-0.0625596369651729,-0.121744462652852,0.0569840149543193
"C003","SpA3",3.59881920313154,1.72824888424541,0.509338124161208,-0.0613845468515968,0.544937237111036,-0.428351942668237,0.164235719594317,-0.581039776095518,0.0377209725305499,0.0831313683211762,-0.0667022594802833,0.000823627493748026
"C004","SpA2",2.90069659629402,1.38590023252382,0.10981227993639,1.54065415444442,-0.165148725752841,-0.165904489997923,-0.447068487104793,-0.634548785288167,0.466134867750782,0.254209949372062,0.0831041154996191,0.0216213715676949
"C005","SpA3",1.24714279797082,-1.08606134191322,0.416321706500157,-0.148390369619763,0.0191534018915785,0.267370382356397,0.27599141096072,0.15399415828807,0.200898741339903,0.0916559241975553,0.0787836157066287,0.0173587372971961
"C006","SpA1",-2.51951567552656,-0.263755970896747,-0.445915166601929,-0.751058743391697,0.633749850568032,-0.361727090274188,-0.396734889304585,0.0836101083059508,0.420660110569699,-0.0496777047107579,-0.135939398085305,0.019285115854551
"C007","SpA2",1.90219902848886,-1.03650815745701,1.00134375935216,0.394329583054896,-0.769455474237292,-0.510810464157964,-0.631085643952015,0.0074595622173597,-0.102009933609086,-0.216966694481852,-0.0427180873081155,-0.00827936505732389
"C008","SpA1",-5.11993553872691,0.342075389574445,0.565500737448425,0.398544758314452,-1.52663900714638,0.339112072812814,0.866866953595454,-0.556964980136695,-0.0283479303213882,0.119922787859626,-0.353793148284323,0.0432554132121372
"C009","SpA1",-1.24482183412963,-1.22538323789059,-0.903284705124325,-0.155579428916001,0.260070119951703,-0.00810768915335148,-0.000268536001708213,0.0560590579999249,0.0535268630524145,-0.0460127888647063,0.0161743863161461,-0.0151974888067355
"C010","SpA4",3.69702200896972,3.24311064575706,-0.524482673191745,1.78698532868274,0.713861505481743,0.254853665974537,-0.290592717114903,-0.458641400517923,-0.0553468173047528,0.109261480949463,-0.084427719790175,-0.043645032252353
"C012","SpA1",-2.66270237924711,1.05027572128585,-0.507792454359978,0.836531426544607,-0.104795161046632,0.0251366420848907,0.664317915291428,-0.00457613227509225,-0.659888883308478,-0.0633565170248462,0.128170984154672,-0.0161283926591884
"C014","SpA3",2.54618823725561,0.394048366827406,0.429336094154247,0.17158413875552,0.786091889821876,-0.0125707768972219,0.343520423559228,-0.226631107793762,0.0718007329561763,0.0585293858148148,-0.0630703360902316,-0.0136450360775804
"C015","SpA1",-0.997342057424996,-1.21165916798688,-0.922968356175458,0.0690138743883897,0.510018364106864,-0.343744609329316,0.0227283800465784,0.109440159289048,-0.119030172437016,-0.0518305497859446,-0.0264575734673945,-0.0315318801275868
"C016","SpA1",-1.41152703773723,-1.93507189964446,-0.799757881343794,-0.553366717625809,0.159010054768174,-0.258736662167017,-0.171765952644298,0.140918836372613,-0.12964068578578,0.0047288520821118,0.00089823775666403,-0.0263816506630646
"C018","SpA2",2.1367425226395,-1.77216440722138,1.60959191533911,0.396662267847064,0.23398638956118,0.529390851224229,-0.0452329529580638,0.260051833215462,-0.162997312134174,0.05106931983918,-0.0821735341844934,-0.0287916222303294
"C019","SpA1",-1.69574567481735,-1.72879674322967,-0.883919905894691,1.15299495683527,0.37638407964149,0.593428919106571,-0.282375141974319,-0.542842784694768,-0.458910608427494,-0.223251922094355,-0.0067203567464143,0.0953087482701807
"C020","SpA1",-0.322822571857273,-1.10355565540798,-0.781936628948103,0.185799537326823,0.321747331066364,-0.232744774687134,0.137857309685804,0.244973213758773,0.0938201018061647,-0.0233261961925239,-0.0174359335979714,-0.0191760333479427
"C021","SpA2",0.797669450845595,-0.937656567025729,-0.13887960890156,0.553716093251916,0.352814496304954,-0.468311964332899,-0.0543916202460645,0.238889359488049,0.0201399525249175,0.067474804866942,-0.0935342987269435,-0.00986320768867129
"C022","SpA1",-2.97621751556403,-0.248167110456555,-0.310402341312533,-0.286112230219605,0.62857113202846,-0.200787720243345,-0.202723763308031,-0.113592132680513,0.182010666396006,-0.120368517664784,-0.0951625859250519,0.070738505468659
"C023","SpA3",1.46783065477712,1.8927000310156,-1.11559983158009,0.201877198784817,-0.0203766380315957,0.222128639113249,0.208471945604983,0.287931042469623,0.115450980536878,-0.140892134239288,-0.0156700157659213,-0.0241787043581544
"C024","SpA2",-1.23287201240384,0.231164712873159,-1.01411584317627,0.266600793997816,-0.198097596648714,-0.224954515098856,0.0648094197342251,0.0072509419081441,-0.354016466906794,0.163350883176978,0.139202876507451,-0.0615769089545415
"C025","SpA3",2.33392611195771,0.0531504524144575,0.606069282288884,-0.212589183074512,0.440806537640859,0.460192788899802,0.051556493848213,-0.643899224392188,-0.0301730798338155,-0.114465163594587,0.0738726575693633,-0.0560561978466106
"C026","SpA1",-3.15411879875919,0.576736429024005,-0.550627802005008,-0.346394806997566,-1.05899671854599,0.314823294247703,-0.208900438854027,-0.213412855756245,0.104015063902671,0.278475727790022,-0.116624081891132,-0.0369621250798652
"C027","SpA3",1.983411245981,0.354158064695446,0.042712302785509,-0.271715028141154,0.458798352478604,-0.258015607695775,0.297574212664466,-0.0734108298643379,0.0623814300101931,0.0851989587216987,-0.0390805840120678,0.0088062625002487
"C028","SpA4",2.34138763894704,3.22872101493224,-1.31631008284906,0.0753883955335522,-0.0743307093106019,0.222325583494626,0.078645109513448,0.576427165111678,-0.154253134993801,-0.0756269839999504,-0.0816116479865507,-0.031306482342621
"C029","SpA1",-4.74337952295107,3.60385700268352,1.6050988332606,-0.164312045606448,0.24503808125618,0.210742017109978,-0.807070540982549,0.622892229647043,0.0527805437502928,0.0399896988444724,0.161565417013949,0.0687499661402591
"C030","SpA2",-0.589347871940657,-0.596621143564181,-0.540936607988795,1.97404361522561,-0.546463551750449,-0.477979157020169,0.707614991599767,0.127198310057496,0.37030851065592,-0.00832037626450727,0.245890980390343,0.0592100238402106
"C031","SpA3",2.19543430965566,-1.80638194319343,1.70912301236161,-0.0312764510522427,0.320741077899179,0.809519083908374,0.471108817676368,0.507417513607938,0.00824629920074043,0.358812309263677,0.00356163910377275,0.0373660232310379
"C032","SpA1",-1.19278253560214,-1.6595071742108,-0.142520274080379,-1.10098704254081,0.306731487242289,1.52306265768533,-0.114316789292394,-0.152504130371457,0.517547416792106,0.0328909180566109,0.0851977716493166,-0.0451073133432406
"C033","SpA1",-1.51562132645489,-1.54414236146086,-0.899249155019317,-0.14946473729955,0.178286422509121,-0.247889730200991,-0.128138206801317,-0.0263496188757281,-0.182921088562718,-0.0373570213404674,0.0248685658277542,-0.0193487456885718
"C034","SpA1",-0.678718971343348,-0.166123977128958,-0.781184229603482,-1.09885931678965,-0.183019190598599,-0.066114731681287,-0.559552845861386,-0.188857266262414,0.000460976432961553,0.15173126927568,0.0473758701122176,-0.00876046748573534
"C036","SpA3",1.71626027722306,-1.68252255083661,1.25679862578879,-0.217674843077745,0.0607554078616333,-0.130045576596702,-0.0796440729042633,0.475503675635082,-0.340272322592109,0.0330906665702083,-0.154989471033058,-0.000419970795874237
"C037","SpA1",-1.23261149526724,-1.70470281393964,-0.731046177618423,-0.338817074888696,0.0852048171065729,-0.193225873013246,-0.167574696722655,0.11413864329261,-0.12029861378984,-0.0436002976701771,0.00607643177157083,-0.0254545716320151
"C038","SpA1",-1.42460712895597,-0.976125877381681,-0.859766272072316,-0.405939667859781,0.0518926194875281,-0.324919122406472,-0.12237392530962,0.0307475268600808,-0.0158407014084837,0.0198453366153472,0.0287426407293831,-0.0329408791504497
"C040","SpA3",1.17233529620137,3.11399729373174,-1.48543020851787,-0.0720924672189675,-0.821313067674244,0.79463738872684,-0.768429495669103,0.239827377872935,-0.361669297285893,0.228424411139075,0.0313729894137421,0.00520927335321786
"C041","SpA1",-2.25472075335175,-1.44795462666407,-0.765465805044908,-0.136816904539665,0.250690839037888,-0.119907835443311,-0.0131975300027702,-0.191909627938966,-0.191831268312971,-0.0279087663929301,0.0316100996961192,0.0126062322073838
"C042","SpA3",1.56893354552845,-1.80994644123877,1.16695339943435,-0.126705894348048,-0.108953428105531,0.201508298772664,0.269730950263588,0.592625907961081,0.0153799281692935,0.159212953609482,-0.0170470990579276,0.0435798052148002
"C043","SpA2",1.86273546383646,-1.12833741420528,0.970390438012439,0.148363237794554,-0.261139133841352,-0.0100800438506597,-0.155391303283657,0.00981332261171818,0.0141701003460352,-0.0701587789354178,0.0105122692441683,-0.00459052857252618
"C045","SpA2",1.39250668284314,-1.23220494882362,0.512849315627779,0.887571835018091,0.291254077557409,-0.230285346644361,-0.0963929568426693,0.252431171337908,0.0801053454823874,0.0940389953341941,-0.09682699298886,-0.000596750248362859
"C046","SpA1",-2.55407768945773,-1.2289736116666,-0.323840372920435,-0.215919497767921,0.360626058156897,0.0143519543659722,0.210404944230472,-0.226060585343495,-0.381785959843534,0.195524825214863,0.0967519232597579,0.0265444836751877
"C048","SpA3",1.82525367348893,2.76339117501584,-1.41713213700322,0.615677848494791,-0.209207429354904,0.556689759894141,0.378920524161673,0.567223882578504,0.16649505351649,-0.312116026106,-0.0570777459650869,-0.0346552256019089
"C049","SpA2",0.0108997379492642,-0.395513661463761,-0.714617671928028,1.54387925454841,-0.0103329881201594,-0.278124900538989,0.38168667467614,0.160391798927682,0.344730617254491,-0.0295500097270421,0.0906694677387256,0.0146565610180205
"C050","SpA3",2.26798541438431,2.4857687419686,-0.177297790180038,-2.49180863248,-0.32941737437595,-0.226845668561238,0.440251934893163,0.00411834842212061,0.0655266140868612,-0.264180857353408,0.0315685418884126,0.0543166899651737
"C051","SpA1",-3.04964528419063,-1.1573734166101,-0.753000956655433,-0.614596512871288,-0.614305041694161,-0.325598566429882,0.243695487178945,-0.0051214342353448,0.422129819457629,-0.0333007099747961,-0.0134062362645504,-0.114146739435655
"C052","SpA1",-1.35569267727784,-0.101878095211929,-1.08452300560632,0.622655026478247,0.145001059442089,0.614783569219985,0.0950851894105489,-0.120161273656459,0.03925773787231,-0.322371520030709,-0.0108994225808076,0.0548837830587191
"C053","SpA1",-8.38907698637671,3.92278999113085,4.24732617587892,0.425745409676364,0.595422465901537,-0.312711852713871,0.198730709952689,-0.0241891855072825,-0.0135263091500917,-0.0684643463194707,0.0524246731629929,-0.0662819302039433
"C054","SpA2",0.752204405550349,-0.530216737649398,-0.0532811918725263,0.552102501632805,-1.04443344027017,-0.794540738407987,-0.560460382500708,0.173865806789697,0.0840394006183093,0.120493182883558,0.0928723207462545,0.0231648323295733
"C055","SpA3",3.02435125520665,2.51880787369311,-0.183700452565461,-1.6711923828251,0.0781002284531711,-0.817748773097,0.466355000084669,0.125497624064604,-0.143228201694831,0.111862962791631,-0.0479675661662385,0.0509254160513621
"R001","SpA4",2.28102740290906,0.402933159786018,0.4000214206117,-0.827050538723795,0.153289103788352,-0.383392029766432,-0.0658104403032673,-0.39548781696712,-0.181373432216969,0.0553829884765185,-0.0157883469800194,-0.00534296319971754
"R002","SpA3",3.45254594776085,-1.47330850412784,2.73548813509667,0.720730038488351,-0.884124399573761,-0.0506790002411152,-0.516226603628105,-0.0544179959407042,-0.0643340698377525,-0.418450073795779,-0.048335680888167,-0.0227019901587885
"R003","SpA3",2.09979649548755,-1.05647235426464,1.36943980612002,-1.31900885068726,-0.520917651378858,0.524127079218168,0.271751425842543,-0.265969917996034,-0.0552416943237173,-0.12096030489948,0.207151966235003,-0.00411481715748019
"R004","SpA4",2.1293774651208,0.49708858840065,0.372281947229178,-1.23593096868773,-0.367987124606818,-0.170361689127774,0.0623268893142639,-0.456053236002205,0.0478960114072403,-0.023236062637997,0.136784144425909,0.0217881334631571
