"Variable","PC1","PC2","PC3","PC4","PC5","PC6","PC7","PC8","PC9","PC10","PC11","PC12"
"M.BV/TV",0.32075794076539,0.222049152848171,0.227404302799832,-0.31519375973247,-0.188964255572725,0.0865271587717737,0.0314572322054617,-0.63838898368429,0.0368945265001314,-0.467427548409261,0.137491363584562,-0.079187176073692
"M.BS/BV",-0.321169216593211,0.26331296403091,0.284470713378597,0.171186984208891,-0.0523801600402801,-0.0800881839556365,0.136034627313594,0.0223109478356395,-0.331547395968805,0.128869895561418,0.503961912946927,-0.555534260779508
"M.Tb.Pf",-0.345118232718963,0.166243814028893,0.236721903056518,0.227054132838328,-0.171908516343452,0.034279584137737,0.308276019494928,-0.301095161181585,-0.383237002325223,0.106374279897439,-0.286743709317583,0.537436034096719
"M.SMI",-0.280357730791074,-0.270139496340505,-0.182113438479337,0.467466515215362,-0.0239741715426111,0.579134528524667,-0.347003754354563,-0.292542971609529,0.0642155513639791,-0.184358553405018,0.0890600025261402,-0.0934130176942771
"M.Tb.Th",0.252186741289982,-0.257175436545167,0.474080228610462,-0.201341568530277,0.117655143677163,0.644749759889202,0.251646571022031,0.17745565589612,-0.0396603019888307,0.274564013660331,0.0578293666079042,0.0175524060125715
"M.Tb.N",0.189622489090353,0.484058051018858,-0.12153992620406,-0.118958703771806,-0.375835287875334,0.239344087966841,-0.533825359311814,0.0616882836664579,-0.16150539242706,0.426605307585297,-0.0199450167839746,0.0708617628178627
"F.BV/TV",0.320804182406049,0.1366239374595,0.154423905771324,0.549688352228888,-0.109424326852259,-0.134771881085268,0.168688411386078,-0.161884436640924,0.570266015231403,0.323206818570299,0.174961183951371,0.0856601612497165
"F.BS/BV",-0.29548947558832,0.300642932227438,0.328400470992409,-0.0832314646287139,0.246873899591317,0.0489396597152917,-0.276227628665423,0.278571735002059,0.290494397881174,-0.283510440457745,0.351861021776801,0.449119561362667
"F.Tb.Pf",-0.334235406550516,0.212518433447229,0.316856234990508,-0.0921113271770373,-0.0332035482589903,0.0669634708473923,-0.0622980188410002,0.00439278677416358,0.41089251682888,0.0198079526504644,-0.626915498124683,-0.403119410685351
"F.SMI",-0.316270043241777,-0.205307992168169,-0.15505106585805,-0.27196193912477,-0.723670101319029,0.0618517541080184,0.256866344239034,0.146398598603365,0.296503900467864,-0.00835709423272659,0.225932880706988,0.0764902911301783
"F.Tb.Th",0.236188870941313,-0.291564814245639,0.461418064304312,0.29170594064491,-0.416418557570938,-0.214188808537397,-0.302503729136375,0.305777981511121,-0.20282711553612,-0.311460530757966,-0.136180816966648,-0.0149710930297287
"F.Tb.N",0.197352987043112,0.446003286416129,-0.263814644876605,0.264489844305243,-0.0721174164496678,0.319051805204762,0.388119119550374,0.402076216713432,-0.0508681070218741,-0.424160714423744,-0.127245114640696,-0.0677636781755808
