"PC","StandardDeviation","ProportionVariance","CumulativeVariance"
"PC1",2.55759328199346,0.545106949674841,0.545106949674841
"PC2",1.65965590429943,0.229538143389663,0.774645093064504
"PC3",1.1099354583692,0.102663060145437,0.877308153209941
"PC4",0.838397902122778,0.0585759201903229,0.935884073400264
"PC5",0.499566009339588,0.0207971831406234,0.956681256540887
"PC6",0.436462953528204,0.015874992483547,0.972556249024434
"PC7",0.369713847468907,0.0113906940841885,0.983946943108623
"PC8",0.319988132883831,0.00853270043220668,0.99247964354083
"PC9",0.233975269538813,0.00456203556298,0.99704167910381
"PC10",0.153749869000689,0.0019699185181441,0.999011597621954
"PC11",0.101142586156173,0.000852485227863234,0.999864082849817
"PC12",0.0403857128474543,0.000135917150183086,1
