"Sample","Network","DistanceToMedian"
"C001","SpA2",3.80073043341628
"C003","SpA3",2.23582347120396
"C004","SpA2",3.19389514970094
"C005","SpA3",1.66837580530543
"C006","SpA1",1.40074637784481
"C007","SpA2",1.68366151863547
"C008","SpA1",4.29201631496337
"C009","SpA1",0.738431906431411
"C010","SpA4",3.63625325972148
"C012","SpA1",2.59552177768066
"C014","SpA3",0.883475775282474
"C015","SpA1",1.0904087648248
"C016","SpA1",1.18671881990355
"C018","SpA2",2.42613571677508
"C019","SpA1",1.87149885071083
"C020","SpA1",1.65000996794716
"C021","SpA2",0.662399063119214
"C022","SpA1",1.49439378730776
"C023","SpA3",2.43968386320874
"C024","SpA2",2.66829577967062
"C025","SpA3",0.840299963135882
"C026","SpA1",2.41768747922127
"C027","SpA3",0.6244498269945
"C028","SpA4",2.81834082461125
"C029","SpA1",5.94443917687465
"C030","SpA2",2.29182254529278
"C031","SpA3",2.64419867139437
"C032","SpA1",2.20990457700069
"C033","SpA1",0.768738339926839
"C034","SpA1",1.80427742851014
"C036","SpA3",2.27986827585253
"C037","SpA1",1.0226988823904
"C038","SpA1",0.605370093050303
"C040","SpA3",3.94688610956474
"C041","SpA1",0.696774393618685
"C042","SpA3",2.39014752749714
"C043","SpA2",1.5138535128108
"C045","SpA2",0.958802477105595
"C046","SpA1",1.00087048295738
"C048","SpA3",3.38950320442466
"C049","SpA2",1.6215425033859
"C050","SpA3",3.29642386453097
"C051","SpA1",1.62348081653727
"C052","SpA1",1.55139147746669
"C053","SpA1",9.55058166440857
"C054","SpA2",1.18604340982778
"C055","SpA3",3.03759845900651
"R001","SpA4",0.85227439353441
"R002","SpA3",3.58858138746956
"R003","SpA3",2.13393133144706
"R004","SpA4",1.05461992462951
