Sample,Network,PC1,PC2,PC3,PC4,PC5,PC6,PC7,PC8,PC9,PC10,PC11,PC12
C001,C,-2.386779531040327,0.45816414119316085,-0.5068117212466362,-0.5164063910171065,0.2564193639422323,0.15703429422843931,-0.48851889981641955,-0.014056479498778076,0.2493031256620706,-0.06255963696517204,-0.12174446265285253,0.056984014954318894
C003,D,3.5988192031315394,1.7282488842454071,0.5093381241612076,-0.06138454685159612,0.5449372371110374,-0.42835194266823823,0.16423571959431912,-0.5810397760955173,0.03772097253055007,0.08313136832117589,-0.06670225948028324,0.0008236274937483472
C004,C,2.9006965962940177,1.3859002325238132,0.10981227993638802,1.540654154444425,-0.16514872575284034,-0.1659044899979234,-0.44706848710478997,-0.6345487852881674,0.46613486775078206,0.25420994937206126,0.08310411549961859,0.021621371567694482
C005,D,1.2471427979708207,-1.0860613419132146,0.41632170650015743,-0.14839036961976224,0.019153401891578416,0.26737038235639765,0.27599141096071833,0.15399415828806998,0.2008987413399026,0.09165592419755554,0.07878361570662848,0.01735873729719596
C006,B,-2.519515675526563,-0.2637559708967465,-0.44591516660192737,-0.7510587433916976,0.6337498505680316,-0.36172709027418953,-0.39673488930458495,0.0836101083059518,0.42066011056969776,-0.04967770471075793,-0.13593939808530495,0.01928511585455096
C007,C,1.9021990284888572,-1.0365081574570065,1.0013437593521548,0.3943295830548961,-0.769455474237292,-0.5108104641579637,-0.6310856439520126,0.0074595622173582255,-0.10200993360908565,-0.21696669448185252,-0.04271808730811521,-0.008279365057323773
C008,B,-5.119935538726917,0.34207538957444455,0.5655007374484252,0.39854475831445374,-1.526639007146379,0.3391120728128139,0.8668669535954548,-0.5569649801366937,-0.028347930321387858,0.1199227878596264,-0.35379314828432207,0.04325541321213713
C009,B,-1.2448218341296335,-1.2253832378905893,-0.9032847051243248,-0.15557942891600163,0.26007011995170254,-0.008107689153351782,-0.00026853600170856297,0.05605905799992525,0.053526863052414685,-0.046012788864706056,0.01617438631614584,-0.015197488806735713
C010,E,3.697022008969725,3.243110645757058,-0.5244826731917481,1.786985328682742,0.7138615054817433,0.2548536659745371,-0.29059271711490137,-0.4586414005179236,-0.05534681730475275,0.10926148094946261,-0.08442771979017494,-0.04364503225235292
C012,B,-2.6627023792471096,1.050275721285849,-0.5077924543599793,0.8365314265446065,-0.10479516104663208,0.025136642084891084,0.6643179152914267,-0.004576132275091209,-0.659888883308478,-0.0633565170248456,0.1281709841546729,-0.016128392659189143
C014,D,2.5461882372556066,0.39404836682740535,0.4293360941542462,0.17158413875552025,0.7860918898218769,-0.012570776897222465,0.3435204235592275,-0.22663110779376094,0.07180073295617617,0.058529385814814934,-0.06307033609023141,-0.013645036077580316
C015,B,-0.9973420574249963,-1.2116591679868751,-0.9229683561754589,0.06901387438838898,0.5100183641068635,-0.34374460932931694,0.02272838004657792,0.10944015928904885,-0.11903017243701686,-0.05183054978594459,-0.026457573467394316,-0.03153188012758695
C016,B,-1.4115270377372349,-1.935071899644462,-0.7997578813437931,-0.55336671762581,0.1590100547681735,-0.258736662167017,-0.1717659526442981,0.14091883637261327,-0.12964068578578017,0.0047288520821120025,0.0008982377566641231,-0.026381650663064603
C018,C,2.1367425226395045,-1.772164407221374,1.6095919153391072,0.3966622678470641,0.23398638956117937,0.5293908512242305,-0.04523295295806451,0.26005183321546144,-0.16299731213417362,0.05106931983917985,-0.08217353418449326,-0.028791622230329134
C019,B,-1.6957456748173467,-1.7287967432296691,-0.883919905894692,1.152994956835272,0.37638407964148834,0.593428919106571,-0.2823751419743172,-0.5428427846947695,-0.45891060842749387,-0.2232519220943551,-0.006720356746413782,0.09530874827018097
C020,B,-0.3228225718572734,-1.1035556554079808,-0.781936628948103,0.18579953732682222,0.3217473310663634,-0.23274477468713461,0.13785730968580265,0.24497321375877462,0.09382010180616426,-0.023326196192523935,-0.01743593359797118,-0.01917603334794282
C021,C,0.7976694508455948,-0.9376565670257276,-0.1388796089015607,0.5537160932519162,0.35281449630495326,-0.46831196433289984,-0.05439162024606543,0.2388893594880501,0.02013995252491677,0.06747480486694173,-0.09353429872694327,-0.00986320768867132
C022,B,-2.9762175155640307,-0.2481671104565539,-0.3104023413125338,-0.2861122302196055,0.6285711320284599,-0.20078772024334557,-0.20272376330803063,-0.1135921326805122,0.1820106663960058,-0.12036851766478437,-0.09516258592505179,0.07073850546865887
C023,D,1.4678306547771163,1.8927000310155988,-1.1155998315800906,0.20187719878481716,-0.0203766380315955,0.22212863911324984,0.20847194560498114,0.28793104246962264,0.11545098053687791,-0.14089213423928842,-0.01567001576592121,-0.02417870435815455
C024,C,-1.2328720124038446,0.23116471287315907,-1.0141158431762747,0.2666007939978154,-0.19809759664871499,-0.22495451509885644,0.06480941973422505,0.007250941908144594,-0.3540164669067943,0.1633508831769781,0.13920287650745097,-0.06157690895454199
C025,D,2.3339261119577097,0.05315045241445655,0.606069282288884,-0.21258918307451197,0.44080653764085975,0.46019278889980136,0.05155649384821526,-0.6438992243921894,-0.030173079833814866,-0.1144651635945869,0.07387265756936315,-0.05605619784661026
C026,B,-3.154118798759188,0.5767364290240043,-0.5506278020050083,-0.3463948069975655,-1.0589967185459905,0.31482329424770256,-0.2089004388540262,-0.21341285575624583,0.10401506390267148,0.278475727790023,-0.11662408189113217,-0.03696212507986539
C027,D,1.983411245980998,0.3541580646954459,0.04271230278550889,-0.27171502814115345,0.45879835247860434,-0.2580156076957753,0.29757421266446576,-0.07341082986433678,0.0623814300101925,0.08519895872169868,-0.03908058401206765,0.00880626250024865
C028,E,2.3413876389470385,3.2287210149322365,-1.3163100828490575,0.0753883955335525,-0.07433070931060212,0.22232558349462747,0.07864510951344551,0.5764271651116767,-0.15425313499380144,-0.07562698399995067,-0.08161164798655036,-0.03130648234262109
C029,B,-4.743379522951071,3.603857002683517,1.605098833260595,-0.16431204560644747,0.24503808125617974,0.21074201710997803,-0.8070705409825496,0.6228922296470418,0.052780543750293264,0.03998969884447231,0.16156541701394947,0.06874996614025812
C030,C,-0.5893478719406582,-0.59662114356418,-0.5409366079887965,1.9740436152256078,-0.5464635517504493,-0.47797915702016947,0.7076149915997653,0.12719831005749915,0.37030851065591974,-0.00832037626450707,0.24589098039034352,0.05921002384020968
C031,D,2.19543430965566,-1.8063819431934225,1.7091230123616103,-0.03127645105224132,0.3207410778991784,0.8095190839083741,0.4711088176763645,0.5074175136079384,0.008246299200740452,0.3588123092636774,0.003561639103772773,0.03736602323103793
C032,B,-1.1927825356021415,-1.6595071742107976,-0.14252027408037804,-1.1009870425408095,0.3067314872422889,1.5230626576853301,-0.11431678929239307,-0.1525041303714592,0.5175474167921077,0.032890918056611686,0.08519777164931573,-0.04510731334323999
C033,B,-1.515621326454886,-1.5441423614608576,-0.8992491550193173,-0.1494647372995515,0.17828642250912047,-0.2478897302009914,-0.1281382068013169,-0.02634961887572769,-0.18292108856271866,-0.03735702134046708,0.024868565827754294,-0.019348745688571943
C034,B,-0.6787189713433474,-0.16612397712895807,-0.7811842296034816,-1.0988593167896503,-0.18301919059859972,-0.06611473168128765,-0.5595528458613847,-0.18885726626241603,0.0004609764329616307,0.15173126927568095,0.04737587011221746,-0.008760467485735144
C036,D,1.7162602772230557,-1.6825225508366046,1.2567986257887922,-0.21767484307774465,0.06075540786163235,-0.13004557659670113,-0.07964407290426523,0.47550367563508183,-0.34027232259210916,0.0330906665702079,-0.15498947103305732,-0.00041997079587416283
C037,B,-1.2326114952672442,-1.7047028139396425,-0.731046177618423,-0.33881707488869667,0.08520481710657206,-0.1932258730132462,-0.16757469672265557,0.11413864329260993,-0.12029861378984018,-0.04360029767017695,0.006076431771570984,-0.0254545716320152
C038,B,-1.4246071289559668,-0.9761258773816799,-0.8597662720723163,-0.4059396678597819,0.05189261948752731,-0.32491912240647247,-0.12237392530962025,0.03074752686008132,-0.015840701408484044,0.01984533661534759,0.02874264072938304,-0.03294087915044986
C040,D,1.1723352962013696,3.1139972937317326,-1.4854302085178765,-0.07209246721896773,-0.8213130676742452,0.7946373887268409,-0.7684294956691031,0.23982737787293087,-0.3616692972858925,0.2284244111390756,0.03137298941374234,0.0052092733532180064
C041,B,-2.2547207533517546,-1.4479546266640644,-0.7654658050449085,-0.1368169045396658,0.25069083903788736,-0.11990783544331142,-0.013197530002769733,-0.1919096279389654,-0.19183126831297087,-0.02790876639292976,0.03161009969611935,0.012606232207383638
C042,D,1.5689335455284488,-1.8099464412387634,1.166953399434354,-0.12670589434804783,-0.10895342810553114,0.201508298772664,0.2697309502635852,0.592625907961082,0.015379928169293292,0.1592129536094825,-0.01704709905792759,0.04357980521480016
C043,C,1.8627354638364584,-1.1283374142052789,0.9703904380124394,0.14836323779455443,-0.26113913384135273,-0.010080043850659626,-0.1553913032836564,0.009813322611717547,0.014170100346035441,-0.0701587789354182,0.010512269244168239,-0.004590528572526068
C045,C,1.3925066828431416,-1.232204948823621,0.5128493156277786,0.8875718350180906,0.29125407755740834,-0.23028534664436176,-0.09639295684267023,0.2524311713379088,0.08010534548238693,0.09403899533419355,-0.09682699298885986,-0.0005967502483629082
C046,B,-2.554077689457732,-1.2289736116665997,-0.3238403729204349,-0.21591949776792094,0.3606260581568964,0.014351954365971557,0.21040494423047243,-0.22606058534349405,-0.3817859598435343,0.19552482521486414,0.09675192325975815,0.026544483675187407
C048,D,1.8252536734889264,2.763391175015833,-1.417132137003224,0.6156778484947909,-0.20920742935490347,0.5566897598941429,0.3789205241616705,0.5672238825785029,0.16649505351649005,-0.31211602610600025,-0.05707774596508664,-0.03465522560190898
C049,C,0.010899737949263199,-0.3955136614637605,-0.7146176719280289,1.5438792545484132,-0.010332988120159738,-0.27812490053898925,0.38168667467613904,0.1603917989276839,0.3447306172544907,-0.029550009727042196,0.09066946773872565,0.01465656101801999
C050,D,2.2679854143843126,2.4857687419685974,-0.17729779018003688,-2.4918086324800024,-0.32941737437594787,-0.22684566856123733,0.4402519348931623,0.004118348422120473,0.06552661408686081,-0.2641808573534082,0.03156854188841261,0.054316689965173755
C051,B,-3.0496452841906247,-1.1573734166101028,-0.753000956655433,-0.6145965128712894,-0.6143050416941611,-0.325598566429883,0.243695487178945,-0.0051214342353434784,0.42212981945762834,-0.03330070997479539,-0.013406236264551038,-0.11414673943565494
C052,B,-1.3556926772778355,-0.10187809521193018,-1.0845230056063249,0.6226550264782459,0.14500105944208885,0.6147835692199858,0.09508518941054915,-0.12016127365645966,0.039257737872310315,-0.32237152003070874,-0.010899422580807347,0.05488378305871919
C053,B,-8.389076986376711,3.922789991130847,4.247326175878921,0.42574540967636626,0.5954224659015368,-0.31271185271387136,0.19873070995268952,-0.024189185507279665,-0.013526309150091606,-0.06846434631947078,0.052424673162993304,-0.06628193020394496
C054,C,0.7522044055503488,-0.5302167376493978,-0.05328119187252613,0.5521025016328052,-1.0444334402701743,-0.7945407384079874,-0.5604603825007077,0.17386580678969704,0.08403940061830936,0.12049318288355806,0.0928723207462546,0.023164832329573053
C055,D,3.0243512552066507,2.51880787369311,-0.1837004525654606,-1.671192382825099,0.0781002284531722,-0.817748773097,0.4663550000846672,0.12549762406460496,-0.14322820169483202,0.11186296279163113,-0.04796756616623809,0.05092541605136185
R001,E,2.281027402909059,0.4029331597860171,0.4000214206117007,-0.8270505387237949,0.15328910378835223,-0.38339202976643233,-0.06581044030326559,-0.3954878169671202,-0.18137343221696914,0.05538298847651856,-0.015788346980019248,-0.005342963199717402
R002,D,3.4525459477608536,-1.4733085041278393,2.7354881350966735,0.7207300384883512,-0.8841243995737615,-0.05067900024111479,-0.5162266036281034,-0.054417995940706725,-0.06433406983775172,-0.41845007379577986,-0.048335680888166886,-0.02270199015878824
R003,D,2.099796495487554,-1.0564723542646364,1.3694398061200241,-1.319008850687265,-0.5209176513788577,0.524127079218169,0.27175142584254364,-0.2659699179960359,-0.0552416943237163,-0.12096030489947979,0.20715196623500248,-0.0041148171574799984
R004,E,2.129377465120806,0.49708858840064896,0.3722819472291789,-1.2359309686877293,-0.36798712460681776,-0.17036168912777414,0.06232688931426602,-0.45605323600220604,0.04789601140724075,-0.023236062637996706,0.13678414442590917,0.02178813346315708
