"Region","Variable","Arrangement","Letter"
"Mantle","SV/TV","Separate","a"
"Mantle","SV/TV","Cobweb","ab"
"Mantle","SV/TV","Trabecular","b"
"Mantle","SV/TV","Sheets","b"
"Mantle","SS/SV","Separate","a"
"Mantle","SS/SV","Cobweb","ab"
"Mantle","SS/SV","Trabecular","b"
"Mantle","SS/SV","Sheets","ab"
"Mantle","S.Pf","Separate","a"
"Mantle","S.Pf","Cobweb","ab"
"Mantle","S.Pf","Trabecular","c"
"Mantle","S.Pf","Sheets","bc"
"Mantle","SMI","Separate","a"
"Mantle","SMI","Cobweb","a"
"Mantle","SMI","Trabecular","b"
"Mantle","SMI","Sheets","b"
"Mantle","S.Th","Separate","a"
"Mantle","S.Th","Cobweb","ab"
"Mantle","S.Th","Trabecular","b"
"Mantle","S.Th","Sheets","ab"
"Mantle","S.N","Separate","a"
"Mantle","S.N","Cobweb","ab"
"Mantle","S.N","Trabecular","b"
"Mantle","S.N","Sheets","b"
"Foot","SV/TV","Separate","a"
"Foot","SV/TV","Cobweb","b"
"Foot","SV/TV","Trabecular","b"
"Foot","SV/TV","Sheets","b"
"Foot","SS/SV","Separate","a"
"Foot","SS/SV","Cobweb","b"
"Foot","SS/SV","Trabecular","b"
"Foot","SS/SV","Sheets","ab"
"Foot","S.Pf","Separate","a"
"Foot","S.Pf","Cobweb","b"
"Foot","S.Pf","Trabecular","b"
"Foot","S.Pf","Sheets","b"
"Foot","SMI","Separate","a"
"Foot","SMI","Cobweb","b"
"Foot","SMI","Trabecular","b"
"Foot","SMI","Sheets","b"
"Foot","S.Th","Separate","a"
"Foot","S.Th","Cobweb","b"
"Foot","S.Th","Trabecular","b"
"Foot","S.Th","Sheets","ab"
"Foot","S.N","Separate","a"
"Foot","S.N","Cobweb","b"
"Foot","S.N","Trabecular","b"
"Foot","S.N","Sheets","b"
