Sample,NMMB-M011879,NMMB-M011880,NMMB-M011881,NMMB-M011882,NMMB-M011883,NMMB-M011885,NMMB-M011886,NMMB-M011887,NMMB-M011888,NMMB-M011889,NMMB-M011891,NMMB-M011892,NMMB-M011893,NMMB-M011894,NMMB-M011895,NMMB-M011896,NMMB-M011897,NMMB-M011898,NMMB-M011899,NMMB-M011900,NMMB-M011901,NMMB-M011902,NMMB-M011903,NMMB-M011904,NMMB-M011905,NMMB-M011906,NMMB-M011907,NMMB-M011908,NMMB-M011909,NMMB-M011910,NMMB-M011911,NMMB-M011912,NMMB-M011913,NMMB-M011914,NMMB-M011915,NMMB-M011916,NMMB-M011917,NMMB-M011918,NMMB-M011919,NMMB-M011920,NMMB-M011921,NMMB-M011922,NMMB-M011923,NMMB-M011924,NMMB-M011925,NMMB-M011926,NMMB-M011927,NMMB-M011928,NMMB-M011929,NMMB-M011930,NMMB-M011931,NMMB-M011932,NMMB-M011933,NMMB-M011934
Scanner Modality,X-Ray Computed Tomography (CT/microCT),X-Ray Computed Tomography (CT/microCT),X-Ray Computed Tomography (CT/microCT),X-Ray Computed Tomography (CT/microCT),X-Ray Computed Tomography (CT/microCT),X-Ray Computed Tomography (CT/microCT),X-Ray Computed Tomography (CT/microCT),X-Ray Computed Tomography (CT/microCT),X-Ray Computed Tomography (CT/microCT),X-Ray Computed Tomography (CT/microCT),X-Ray Computed Tomography (CT/microCT),X-Ray Computed Tomography (CT/microCT),X-Ray Computed Tomography (CT/microCT),X-Ray Computed Tomography (CT/microCT),X-Ray Computed Tomography (CT/microCT),X-Ray Computed Tomography (CT/microCT),X-Ray Computed Tomography (CT/microCT),X-Ray Computed Tomography (CT/microCT),X-Ray Computed Tomography (CT/microCT),X-Ray Computed Tomography (CT/microCT),X-Ray Computed Tomography (CT/microCT),X-Ray Computed Tomography (CT/microCT),X-Ray Computed Tomography (CT/microCT),X-Ray Computed Tomography (CT/microCT),X-Ray Computed Tomography (CT/microCT),X-Ray Computed Tomography (CT/microCT),X-Ray Computed Tomography (CT/microCT),X-Ray Computed Tomography (CT/microCT),X-Ray Computed Tomography (CT/microCT),X-Ray Computed Tomography (CT/microCT),X-Ray Computed Tomography (CT/microCT),X-Ray Computed Tomography (CT/microCT),X-Ray Computed Tomography (CT/microCT),X-Ray Computed Tomography (CT/microCT),X-Ray Computed Tomography (CT/microCT),X-Ray Computed Tomography (CT/microCT),X-Ray Computed Tomography (CT/microCT),X-Ray Computed Tomography (CT/microCT),X-Ray Computed Tomography (CT/microCT),X-Ray Computed Tomography (CT/microCT),X-Ray Computed Tomography (CT/microCT),X-Ray Computed Tomography (CT/microCT),X-Ray Computed Tomography (CT/microCT),X-Ray Computed Tomography (CT/microCT),X-Ray Computed Tomography (CT/microCT),X-Ray Computed Tomography (CT/microCT),X-Ray Computed Tomography (CT/microCT),X-Ray Computed Tomography (CT/microCT),X-Ray Computed Tomography (CT/microCT),X-Ray Computed Tomography (CT/microCT),X-Ray Computed Tomography (CT/microCT),X-Ray Computed Tomography (CT/microCT),X-Ray Computed Tomography (CT/microCT),X-Ray Computed Tomography (CT/microCT)
Creator,Kuan Yu Cho,Kuan Yu Cho,Kuan Yu Cho,Kuan Yu Cho,Kuan Yu Cho,Kuan Yu Cho,Kuan Yu Cho,Kuan Yu Cho,Kuan Yu Cho,Kuan Yu Cho,Kuan Yu Cho,Kuan Yu Cho,Kuan Yu Cho,Kuan Yu Cho,Kuan Yu Cho,Kuan Yu Cho,Kuan Yu Cho,Kuan Yu Cho,Kuan Yu Cho,Kuan Yu Cho,Kuan Yu Cho,Kuan Yu Cho,Kuan Yu Cho,Kuan Yu Cho,Kuan Yu Cho,Kuan Yu Cho,Kuan Yu Cho,Kuan Yu Cho,Kuan Yu Cho,Kuan Yu Cho,Kuan Yu Cho,Kuan Yu Cho,Kuan Yu Cho,Kuan Yu Cho,Kuan Yu Cho,Kuan Yu Cho,Kuan Yu Cho,Kuan Yu Cho,Kuan Yu Cho,Kuan Yu Cho,Kuan Yu Cho,Kuan Yu Cho,Kuan Yu Cho,Kuan Yu Cho,Kuan Yu Cho,Kuan Yu Cho,Kuan Yu Cho,Kuan Yu Cho,Kuan Yu Cho,Kuan Yu Cho,Kuan Yu Cho,Kuan Yu Cho,Kuan Yu Cho,Kuan Yu Cho
Event date,2022/2/9,2022/2/9,2022/2/9,2022/6/15,2022/6/13,2022/6/20,2022/6/13,2022/6/20,2022/6/14,2022/6/20,2022/6/14,2022/6/15,2022/6/13,2022/6/14,2022/11/28,2022/11/24,2022/11/24,2022/11/24,2022/11/24,2022/11/25,2022/11/24,2022/11/24,2022/11/25,2022/11/24,2022/11/25,2022/11/25,2022/11/28,2022/11/23,2022/11/24,2023/3/25,2023/3/25,2023/3/24,2023/3/28,2023/3/24,2023/3/27,2023/3/24,2023/3/23,2023/3/28,2023/3/27,2023/3/24,2023/3/23,2023/3/24,2023/3/28,2023/3/24,2023/6/29,2023/6/28,2023/6/28,2023/6/28,2023/6/28,2023/6/29,2023/6/29,2023/6/29,,2023/6/28
Study Date and Time (log),09 Feb 2022  09h:44m:55s,09 Feb 2022  10h:26m:23s,09 Feb 2022  12h:01m:32s,15 Jun 2022  15h:55m:48s,13 Jun 2022  13h:43m:21s,20 Jun 2022  12h:35m:03s,13 Jun 2022  11h:20m:35s,20 Jun 2022  13h:42m:11s,14 Jun 2022  13h:56m:03s,20 Jun 2022  11h:28m:01s,14 Jun 2022  14h:57m:22s,15 Jun 2022  14h:41m:54s,13 Jun 2022  15h:21m:30s,14 Jun 2022  15h:52m:28s,28 Nov 2022  10h:16m:04s,24 Nov 2022  10h:47m:21s,24 Nov 2022  12h:32m:52s,24 Nov 2022  14h:56m:56s,24 Nov 2022  14h:30m:38s,25 Nov 2022  11h:28m:55s,24 Nov 2022  12h:13m:39s,24 Nov 2022  10h:08m:56s,25 Nov 2022  09h:16m:40s,24 Nov 2022  11h:25m:45s,25 Nov 2022  10h:00m:45s,25 Nov 2022  10h:44m:51s,28 Nov 2022  09h:55m:55s,23 Nov 2022  15h:28m:19s,24 Nov 2022  11h:54m:25s,25 Mar 2023  10h:20m:44s,25 Mar 2023  09h:43m:01s,24 Mar 2023  10h:52m:22s,28 Mar 2023  08h:53m:08s,24 Mar 2023  11h:06m:51s,27 Mar 2023  10h:06m:59s,24 Mar 2023  11h:31m:45s,23 Mar 2023  13h:46m:32s,28 Mar 2023  14h:12m:52s,27 Mar 2023  11h:10m:15s,24 Mar 2023  14h:35m:45s,23 Mar 2023  14h:55m:16s,24 Mar 2023  13h:59m:18s,28 Mar 2023  11h:02m:29s,24 Mar 2023  10h:20m:45s,29 Jun 2023  09h:50m:01s,28 Jun 2023  10h:51m:06s,28 Jun 2023  12h:16m:43s,28 Jun 2023  15h:57m:54s,28 Jun 2023  13h:29m:29s,29 Jun 2023  12h:11m:16s,29 Jun 2023  14h:25m:26s,29 Jun 2023  10h:24m:19s,,28 Jun 2023  09h:54m:42s
Software,NRecon,NRecon,NRecon,NRecon,NRecon,NRecon,NRecon,NRecon,NRecon,NRecon,NRecon,NRecon,NRecon,NRecon,NRecon,NRecon,NRecon,NRecon,NRecon,NRecon,NRecon,NRecon,NRecon,NRecon,NRecon,NRecon,NRecon,NRecon,NRecon,NRecon,NRecon,NRecon,NRecon,NRecon,NRecon,NRecon,NRecon,NRecon,NRecon,NRecon,NRecon,NRecon,NRecon,NRecon,NRecon,NRecon,NRecon,NRecon,NRecon,NRecon,NRecon,NRecon,,NRecon
Description,"SkyScan1276 microCT acquisition reconstructed with NRecon. Log reports 516 projections, 50 kV, 200 uA, 531 ms exposure, Al 0.5mm filter, and 10.076290 um image pixel size.","SkyScan1276 microCT acquisition reconstructed with NRecon. Log reports 516 projections, 50 kV, 200 uA, 531 ms exposure, Al 0.5mm filter, and 8.076066 um image pixel size.","SkyScan1276 microCT acquisition reconstructed with NRecon. Log reports 516 projections, 40 kV, 200 uA, 531 ms exposure, Al 0.5mm filter, and 10.076290 um image pixel size.","SkyScan1276 microCT acquisition reconstructed with NRecon. Log reports 516 projections, 50 kV, 200 uA, 531 ms exposure, Al 0.5mm filter, and 13.076171 um image pixel size.","SkyScan1276 microCT acquisition reconstructed with NRecon. Log reports 516 projections, 60 kV, 200 uA, 531 ms exposure, Al 0.5mm filter, and 13.076171 um image pixel size.","SkyScan1276 microCT acquisition reconstructed with NRecon. Log reports 1029 projections, 50 kV, 200 uA, 453 ms exposure, Al 0.5mm filter, and 5.038145 um image pixel size.","SkyScan1276 microCT acquisition reconstructed with NRecon. Log reports 516 projections, 60 kV, 200 uA, 531 ms exposure, Al 0.5mm filter, and 13.076171 um image pixel size.","SkyScan1276 microCT acquisition reconstructed with NRecon. Log reports 1029 projections, 50 kV, 200 uA, 453 ms exposure, Al 0.5mm filter, and 5.038145 um image pixel size.","SkyScan1276 microCT acquisition reconstructed with NRecon. Log reports 516 projections, 50 kV, 200 uA, 531 ms exposure, Al 0.5mm filter, and 13.076171 um image pixel size.","SkyScan1276 microCT acquisition reconstructed with NRecon. Log reports 1029 projections, 50 kV, 200 uA, 453 ms exposure, Al 0.5mm filter, and 5.038145 um image pixel size.","SkyScan1276 microCT acquisition reconstructed with NRecon. Log reports 516 projections, 50 kV, 200 uA, 531 ms exposure, Al 0.5mm filter, and 10.076290 um image pixel size.","SkyScan1276 microCT acquisition reconstructed with NRecon. Log reports 516 projections, 50 kV, 200 uA, 531 ms exposure, Al 0.5mm filter, and 11.075948 um image pixel size.","SkyScan1276 microCT acquisition reconstructed with NRecon. Log reports 516 projections, 60 kV, 200 uA, 531 ms exposure, Al 0.5mm filter, and 13.076171 um image pixel size.","SkyScan1276 microCT acquisition reconstructed with NRecon. Log reports 516 projections, 50 kV, 200 uA, 531 ms exposure, Al 0.5mm filter, and 10.076290 um image pixel size.","SkyScan1276 microCT acquisition reconstructed with NRecon. Log reports 516 projections, 50 kV, 200 uA, 550 ms exposure, Al 0.5mm filter, and 20.524122 um image pixel size.","SkyScan1276 microCT acquisition reconstructed with NRecon. Log reports 516 projections, 50 kV, 200 uA, 550 ms exposure, Al 0.5mm filter, and 10.076290 um image pixel size.","SkyScan1276 microCT acquisition reconstructed with NRecon. Log reports 516 projections, 50 kV, 200 uA, 550 ms exposure, Al 0.5mm filter, and 10.076290 um image pixel size.","SkyScan1276 microCT acquisition reconstructed with NRecon. Log reports 516 projections, 50 kV, 200 uA, 550 ms exposure, Al 0.5mm filter, and 13.076171 um image pixel size.","SkyScan1276 microCT acquisition reconstructed with NRecon. Log reports 516 projections, 50 kV, 200 uA, 550 ms exposure, Al 0.5mm filter, and 10.076290 um image pixel size.","SkyScan1276 microCT acquisition reconstructed with NRecon. Log reports 1029 projections, 50 kV, 200 uA, 850 ms exposure, Al 0.5mm filter, and 5.038145 um image pixel size.","SkyScan1276 microCT acquisition reconstructed with NRecon. Log reports 516 projections, 50 kV, 200 uA, 550 ms exposure, Al 0.5mm filter, and 10.076290 um image pixel size.","SkyScan1276 microCT acquisition reconstructed with NRecon. Log reports 516 projections, 50 kV, 200 uA, 550 ms exposure, Al 0.5mm filter, and 10.076290 um image pixel size.","SkyScan1276 microCT acquisition reconstructed with NRecon. Log reports 1029 projections, 50 kV, 200 uA, 850 ms exposure, Al 0.5mm filter, and 5.038145 um image pixel size.","SkyScan1276 microCT acquisition reconstructed with NRecon. Log reports 516 projections, 50 kV, 200 uA, 550 ms exposure, Al 0.5mm filter, and 10.076290 um image pixel size.","SkyScan1276 microCT acquisition reconstructed with NRecon. Log reports 1029 projections, 50 kV, 200 uA, 850 ms exposure, Al 0.5mm filter, and 5.038145 um image pixel size.","SkyScan1276 microCT acquisition reconstructed with NRecon. Log reports 1029 projections, 50 kV, 200 uA, 850 ms exposure, Al 0.5mm filter, and 5.038145 um image pixel size.","SkyScan1276 microCT acquisition reconstructed with NRecon. Log reports 516 projections, 50 kV, 200 uA, 550 ms exposure, Al 0.5mm filter, and 12.076514 um image pixel size.","SkyScan1276 microCT acquisition reconstructed with NRecon. Log reports 516 projections, 50 kV, 200 uA, 550 ms exposure, Al 0.5mm filter, and 13.076171 um image pixel size.","SkyScan1276 microCT acquisition reconstructed with NRecon. Log reports 516 projections, 50 kV, 200 uA, 550 ms exposure, Al 0.5mm filter, and 10.076290 um image pixel size.","SkyScan1276 microCT acquisition reconstructed with NRecon. Log reports 516 projections, 50 kV, 200 uA, 550 ms exposure, Al 0.5mm filter, and 15.076395 um image pixel size.","SkyScan1276 microCT acquisition reconstructed with NRecon. Log reports 516 projections, 50 kV, 200 uA, 550 ms exposure, Al 0.5mm filter, and 15.076395 um image pixel size.","SkyScan1276 microCT acquisition reconstructed with NRecon. Log reports 516 projections, 50 kV, 200 uA, 550 ms exposure, Al 0.5mm filter, and 15.076395 um image pixel size.","SkyScan1276 microCT acquisition reconstructed with NRecon. Log reports 565 projections, 50 kV, 200 uA, 550 ms exposure, Al 0.5mm filter, and 15.068223 um image pixel size.","SkyScan1276 microCT acquisition reconstructed with NRecon. Log reports 516 projections, 50 kV, 200 uA, 550 ms exposure, Al 0.5mm filter, and 15.076395 um image pixel size.","SkyScan1276 microCT acquisition reconstructed with NRecon. Log reports 516 projections, 50 kV, 200 uA, 550 ms exposure, Al 0.5mm filter, and 15.076395 um image pixel size.","SkyScan1276 microCT acquisition reconstructed with NRecon. Log reports 516 projections, 50 kV, 200 uA, 550 ms exposure, Al 0.5mm filter, and 15.076395 um image pixel size.","SkyScan1276 microCT acquisition reconstructed with NRecon. Log reports 1029 projections, 45 kV, 200 uA, 550 ms exposure, Al 0.5mm filter, and 4.038033 um image pixel size.","SkyScan1276 microCT acquisition reconstructed with NRecon. Log reports 565 projections, 50 kV, 200 uA, 550 ms exposure, Al 0.5mm filter, and 15.068223 um image pixel size.","SkyScan1276 microCT acquisition reconstructed with NRecon. Log reports 516 projections, 50 kV, 200 uA, 550 ms exposure, Al 0.5mm filter, and 15.076395 um image pixel size.","SkyScan1276 microCT acquisition reconstructed with NRecon. Log reports 516 projections, 50 kV, 200 uA, 550 ms exposure, Al 0.5mm filter, and 15.076395 um image pixel size.","SkyScan1276 microCT acquisition reconstructed with NRecon. Log reports 1029 projections, 45 kV, 200 uA, 550 ms exposure, Al 0.5mm filter, and 4.038033 um image pixel size.","SkyScan1276 microCT acquisition reconstructed with NRecon. Log reports 516 projections, 50 kV, 200 uA, 550 ms exposure, Al 0.5mm filter, and 15.076395 um image pixel size.","SkyScan1276 microCT acquisition reconstructed with NRecon. Log reports 565 projections, 50 kV, 200 uA, 550 ms exposure, Al 0.5mm filter, and 15.068223 um image pixel size.","SkyScan1276 microCT acquisition reconstructed with NRecon. Log reports 1029 projections, 45 kV, 200 uA, 550 ms exposure, Al 0.5mm filter, and 4.038033 um image pixel size.","SkyScan1276 microCT acquisition reconstructed with NRecon. Log reports 1029 projections, 50 kV, 200 uA, 550 ms exposure, Al 0.5mm filter, and 4.038033 um image pixel size.","SkyScan1276 microCT acquisition reconstructed with NRecon. Log reports 516 projections, 50 kV, 200 uA, 550 ms exposure, Al 0.5mm filter, and 15.076395 um image pixel size.","SkyScan1276 microCT acquisition reconstructed with NRecon. Log reports 1029 projections, 50 kV, 200 uA, 550 ms exposure, Al 0.5mm filter, and 4.038033 um image pixel size.","SkyScan1276 microCT acquisition reconstructed with NRecon. Log reports 1029 projections, 50 kV, 200 uA, 550 ms exposure, Al 0.5mm filter, and 4.038033 um image pixel size.","SkyScan1276 microCT acquisition reconstructed with NRecon. Log reports 1029 projections, 50 kV, 200 uA, 550 ms exposure, Al 0.5mm filter, and 4.038033 um image pixel size.","SkyScan1276 microCT acquisition reconstructed with NRecon. Log reports 1029 projections, 50 kV, 200 uA, 550 ms exposure, Al 0.5mm filter, and 4.038033 um image pixel size.","SkyScan1276 microCT acquisition reconstructed with NRecon. Log reports 565 projections, 50 kV, 200 uA, 550 ms exposure, Al 0.5mm filter, and 15.068223 um image pixel size.","SkyScan1276 microCT acquisition reconstructed with NRecon. Log reports 1029 projections, 50 kV, 200 uA, 550 ms exposure, Al 0.5mm filter, and 4.038033 um image pixel size.","SkyScan1276 microCT acquisition reconstructed with NRecon. Log reports  projections,  kV,  uA,  ms exposure,  filter, and  um image pixel size.","SkyScan1276 microCT acquisition reconstructed with NRecon. Log reports 516 projections, 50 kV, 200 uA, 550 ms exposure, Al 0.5mm filter, and 15.076395 um image pixel size."
Description attachment file,,,,,,,,,,,,,,,,,,,,,,,,,,,,,,,,,,,,,,,,,,,,,,,,,,,,,,
Photographic reference file,,,,,,,,,,,,,,,,,,,,,,,,,,,,,,,,,,,,,,,,,,,,,,,,,,,,,,
Filter,Al 0.5mm,Al 0.5mm,Al 0.5mm,Al 0.5mm,Al 0.5mm,Al 0.5mm,Al 0.5mm,Al 0.5mm,Al 0.5mm,Al 0.5mm,Al 0.5mm,Al 0.5mm,Al 0.5mm,Al 0.5mm,Al 0.5mm,Al 0.5mm,Al 0.5mm,Al 0.5mm,Al 0.5mm,Al 0.5mm,Al 0.5mm,Al 0.5mm,Al 0.5mm,Al 0.5mm,Al 0.5mm,Al 0.5mm,Al 0.5mm,Al 0.5mm,Al 0.5mm,Al 0.5mm,Al 0.5mm,Al 0.5mm,Al 0.5mm,Al 0.5mm,Al 0.5mm,Al 0.5mm,Al 0.5mm,Al 0.5mm,Al 0.5mm,Al 0.5mm,Al 0.5mm,Al 0.5mm,Al 0.5mm,Al 0.5mm,Al 0.5mm,Al 0.5mm,Al 0.5mm,Al 0.5mm,Al 0.5mm,Al 0.5mm,Al 0.5mm,Al 0.5mm,,Al 0.5mm
Exposure time,531 ms,531 ms,531 ms,531 ms,531 ms,453 ms,531 ms,453 ms,531 ms,453 ms,531 ms,531 ms,531 ms,531 ms,550 ms,550 ms,550 ms,550 ms,550 ms,850 ms,550 ms,550 ms,850 ms,550 ms,850 ms,850 ms,550 ms,550 ms,550 ms,550 ms,550 ms,550 ms,550 ms,550 ms,550 ms,550 ms,550 ms,550 ms,550 ms,550 ms,550 ms,550 ms,550 ms,550 ms,550 ms,550 ms,550 ms,550 ms,550 ms,550 ms,550 ms,550 ms,,550 ms
Flux normalization,Reference Intensity=58000; Flat Field Correction=ON,Reference Intensity=58000; Flat Field Correction=ON,Reference Intensity=58000; Flat Field Correction=ON,Reference Intensity=58000; Flat Field Correction=ON,Reference Intensity=58000; Flat Field Correction=ON,Reference Intensity=58000; Flat Field Correction=ON,Reference Intensity=58000; Flat Field Correction=ON,Reference Intensity=58000; Flat Field Correction=ON,Reference Intensity=58000; Flat Field Correction=ON,Reference Intensity=58000; Flat Field Correction=ON,Reference Intensity=58000; Flat Field Correction=ON,Reference Intensity=58000; Flat Field Correction=ON,Reference Intensity=58000; Flat Field Correction=ON,Reference Intensity=58000; Flat Field Correction=ON,Reference Intensity=58000; Flat Field Correction=ON,Reference Intensity=58000; Flat Field Correction=ON,Reference Intensity=58000; Flat Field Correction=ON,Reference Intensity=58000; Flat Field Correction=ON,Reference Intensity=58000; Flat Field Correction=ON,Reference Intensity=58000; Flat Field Correction=ON,Reference Intensity=58000; Flat Field Correction=ON,Reference Intensity=58000; Flat Field Correction=ON,Reference Intensity=58000; Flat Field Correction=ON,Reference Intensity=58000; Flat Field Correction=ON,Reference Intensity=58000; Flat Field Correction=ON,Reference Intensity=58000; Flat Field Correction=ON,Reference Intensity=58000; Flat Field Correction=ON,Reference Intensity=58000; Flat Field Correction=ON,Reference Intensity=58000; Flat Field Correction=ON,Reference Intensity=58000; Flat Field Correction=ON,Reference Intensity=58000; Flat Field Correction=ON,Reference Intensity=58000; Flat Field Correction=ON,Reference Intensity=58000; Flat Field Correction=ON,Reference Intensity=58000; Flat Field Correction=ON,Reference Intensity=58000; Flat Field Correction=ON,Reference Intensity=58000; Flat Field Correction=ON,Reference Intensity=58000; Flat Field Correction=ON,Reference Intensity=58000; Flat Field Correction=ON,Reference Intensity=58000; Flat Field Correction=ON,Reference Intensity=58000; Flat Field Correction=ON,Reference Intensity=58000; Flat Field Correction=ON,Reference Intensity=58000; Flat Field Correction=ON,Reference Intensity=58000; Flat Field Correction=ON,Reference Intensity=58000; Flat Field Correction=ON,Reference Intensity=58000; Flat Field Correction=ON,Reference Intensity=58000; Flat Field Correction=ON,Reference Intensity=58000; Flat Field Correction=ON,Reference Intensity=58000; Flat Field Correction=ON,Reference Intensity=58000; Flat Field Correction=ON,Reference Intensity=58000; Flat Field Correction=ON,Reference Intensity=58000; Flat Field Correction=ON,Reference Intensity=58000; Flat Field Correction=ON,,Reference Intensity=58000; Flat Field Correction=ON
Pixel spacing calibration,Image Pixel Size=10.076290 um; Scaled Image Pixel Size=10.076290 um,Image Pixel Size=8.076066 um; Scaled Image Pixel Size=8.076066 um,Image Pixel Size=10.076290 um; Scaled Image Pixel Size=10.076290 um,Image Pixel Size=13.076171 um; Scaled Image Pixel Size=13.076171 um,Image Pixel Size=13.076171 um; Scaled Image Pixel Size=13.076171 um,Image Pixel Size=5.038145 um; Scaled Image Pixel Size=5.038145 um,Image Pixel Size=13.076171 um; Scaled Image Pixel Size=13.076171 um,Image Pixel Size=5.038145 um; Scaled Image Pixel Size=5.038145 um,Image Pixel Size=13.076171 um; Scaled Image Pixel Size=13.076171 um,Image Pixel Size=5.038145 um; Scaled Image Pixel Size=5.038145 um,Image Pixel Size=10.076290 um; Scaled Image Pixel Size=10.076290 um,Image Pixel Size=11.075948 um; Scaled Image Pixel Size=11.075948 um,Image Pixel Size=13.076171 um; Scaled Image Pixel Size=13.076171 um,Image Pixel Size=10.076290 um; Scaled Image Pixel Size=10.076290 um,Image Pixel Size=20.524122 um; Scaled Image Pixel Size=20.524122 um,Image Pixel Size=10.076290 um; Scaled Image Pixel Size=10.076290 um,Image Pixel Size=10.076290 um; Scaled Image Pixel Size=10.076290 um,Image Pixel Size=13.076171 um; Scaled Image Pixel Size=13.076171 um,Image Pixel Size=10.076290 um; Scaled Image Pixel Size=10.076290 um,Image Pixel Size=5.038145 um; Scaled Image Pixel Size=5.038145 um,Image Pixel Size=10.076290 um; Scaled Image Pixel Size=10.076290 um,Image Pixel Size=10.076290 um; Scaled Image Pixel Size=10.076290 um,Image Pixel Size=5.038145 um; Scaled Image Pixel Size=5.038145 um,Image Pixel Size=10.076290 um; Scaled Image Pixel Size=10.076290 um,Image Pixel Size=5.038145 um; Scaled Image Pixel Size=5.038145 um,Image Pixel Size=5.038145 um; Scaled Image Pixel Size=5.038145 um,Image Pixel Size=12.076514 um; Scaled Image Pixel Size=12.076514 um,Image Pixel Size=13.076171 um; Scaled Image Pixel Size=13.076171 um,Image Pixel Size=10.076290 um; Scaled Image Pixel Size=10.076290 um,Image Pixel Size=15.076395 um; Scaled Image Pixel Size=15.076395 um,Image Pixel Size=15.076395 um; Scaled Image Pixel Size=15.076395 um,Image Pixel Size=15.076395 um; Scaled Image Pixel Size=15.076395 um,Image Pixel Size=15.068223 um; Scaled Image Pixel Size=15.068223 um,Image Pixel Size=15.076395 um; Scaled Image Pixel Size=15.076395 um,Image Pixel Size=15.076395 um; Scaled Image Pixel Size=15.076395 um,Image Pixel Size=15.076395 um; Scaled Image Pixel Size=15.076395 um,Image Pixel Size=4.038033 um; Scaled Image Pixel Size=4.038033 um,Image Pixel Size=15.068223 um; Scaled Image Pixel Size=15.068223 um,Image Pixel Size=15.076395 um; Scaled Image Pixel Size=15.076395 um,Image Pixel Size=15.076395 um; Scaled Image Pixel Size=15.076395 um,Image Pixel Size=4.038033 um; Scaled Image Pixel Size=4.038033 um,Image Pixel Size=15.076395 um; Scaled Image Pixel Size=15.076395 um,Image Pixel Size=15.068223 um; Scaled Image Pixel Size=15.068223 um,Image Pixel Size=4.038033 um; Scaled Image Pixel Size=4.038033 um,Image Pixel Size=4.038033 um; Scaled Image Pixel Size=4.038033 um,Image Pixel Size=15.076395 um; Scaled Image Pixel Size=15.076395 um,Image Pixel Size=4.038033 um; Scaled Image Pixel Size=4.038033 um,Image Pixel Size=4.038033 um; Scaled Image Pixel Size=4.038033 um,Image Pixel Size=4.038033 um; Scaled Image Pixel Size=4.038033 um,Image Pixel Size=4.038033 um; Scaled Image Pixel Size=4.038033 um,Image Pixel Size=15.068223 um; Scaled Image Pixel Size=15.068223 um,Image Pixel Size=4.038033 um; Scaled Image Pixel Size=4.038033 um,Image Pixel Size= um; Scaled Image Pixel Size= um,Image Pixel Size=15.076395 um; Scaled Image Pixel Size=15.076395 um
Shading correction,Flat Field Correction=ON,Flat Field Correction=ON,Flat Field Correction=ON,Flat Field Correction=ON,Flat Field Correction=ON,Flat Field Correction=ON,Flat Field Correction=ON,Flat Field Correction=ON,Flat Field Correction=ON,Flat Field Correction=ON,Flat Field Correction=ON,Flat Field Correction=ON,Flat Field Correction=ON,Flat Field Correction=ON,Flat Field Correction=ON; Heel Effect Correction On=0,Flat Field Correction=ON; Heel Effect Correction On=0,Flat Field Correction=ON; Heel Effect Correction On=0,Flat Field Correction=ON; Heel Effect Correction On=0,Flat Field Correction=ON; Heel Effect Correction On=0,Flat Field Correction=ON; Heel Effect Correction On=0,Flat Field Correction=ON; Heel Effect Correction On=0,Flat Field Correction=ON; Heel Effect Correction On=0,Flat Field Correction=ON; Heel Effect Correction On=0,Flat Field Correction=ON; Heel Effect Correction On=0,Flat Field Correction=ON; Heel Effect Correction On=0,Flat Field Correction=ON; Heel Effect Correction On=0,Flat Field Correction=ON; Heel Effect Correction On=0,Flat Field Correction=ON; Heel Effect Correction On=0,Flat Field Correction=ON; Heel Effect Correction On=0,Flat Field Correction=ON; Heel Effect Correction On=0,Flat Field Correction=ON; Heel Effect Correction On=0,Flat Field Correction=ON; Heel Effect Correction On=0,Flat Field Correction=ON; Heel Effect Correction On=0,Flat Field Correction=ON; Heel Effect Correction On=0,Flat Field Correction=ON; Heel Effect Correction On=0,Flat Field Correction=ON; Heel Effect Correction On=0,Flat Field Correction=ON; Heel Effect Correction On=0,Flat Field Correction=ON; Heel Effect Correction On=0,Flat Field Correction=ON; Heel Effect Correction On=0,Flat Field Correction=ON; Heel Effect Correction On=0,Flat Field Correction=ON; Heel Effect Correction On=0,Flat Field Correction=ON; Heel Effect Correction On=0,Flat Field Correction=ON; Heel Effect Correction On=0,Flat Field Correction=ON; Heel Effect Correction On=0,Flat Field Correction=ON; Heel Effect Correction On=0,Flat Field Correction=ON; Heel Effect Correction On=0,Flat Field Correction=ON; Heel Effect Correction On=0,Flat Field Correction=ON; Heel Effect Correction On=0,Flat Field Correction=ON; Heel Effect Correction On=0,Flat Field Correction=ON; Heel Effect Correction On=0,Flat Field Correction=ON; Heel Effect Correction On=0,Flat Field Correction=ON; Heel Effect Correction On=0,,Flat Field Correction=ON; Heel Effect Correction On=0
Frame averaging,ON (3),ON (3),ON (3),ON (3),ON (3),ON (2),ON (3),ON (2),ON (2),ON (2),ON (2),ON (3),ON (3),ON (2),ON (3),ON (3),ON (3),ON (3),ON (3),ON (3),ON (3),ON (3),ON (3),ON (3),ON (3),ON (3),ON (3),ON (3),ON (3),ON (3),ON (3),ON (3),ON (3),ON (3),ON (3),ON (3),ON (3),ON (3),ON (3),ON (3),ON (3),ON (3),ON (3),ON (3),ON (3),ON (3),ON (3),ON (3),ON (3),ON (3),ON (3),ON (3),,ON (3)
Projections,516,516,516,516,516,1029,516,1029,516,1029,516,516,516,516,516,516,516,516,516,1029,516,516,1029,516,1029,1029,516,516,516,516,516,516,565,516,516,516,1029,565,516,516,1029,516,565,1029,1029,516,1029,1029,1029,1029,565,1029,,516
Voltage,50 kV,50 kV,40 kV,50 kV,60 kV,50 kV,60 kV,50 kV,50 kV,50 kV,50 kV,50 kV,60 kV,50 kV,50 kV,50 kV,50 kV,50 kV,50 kV,50 kV,50 kV,50 kV,50 kV,50 kV,50 kV,50 kV,50 kV,50 kV,50 kV,50 kV,50 kV,50 kV,50 kV,50 kV,50 kV,50 kV,45 kV,50 kV,50 kV,50 kV,45 kV,50 kV,50 kV,45 kV,50 kV,50 kV,50 kV,50 kV,50 kV,50 kV,50 kV,50 kV,,50 kV
Power,10 W (calculated from kV x mA),10 W (calculated from kV x mA),8 W (calculated from kV x mA),10 W (calculated from kV x mA),12 W (calculated from kV x mA),10 W (calculated from kV x mA),12 W (calculated from kV x mA),10 W (calculated from kV x mA),10 W (calculated from kV x mA),10 W (calculated from kV x mA),10 W (calculated from kV x mA),10 W (calculated from kV x mA),12 W (calculated from kV x mA),10 W (calculated from kV x mA),10 W (calculated from kV x mA),10 W (calculated from kV x mA),10 W (calculated from kV x mA),10 W (calculated from kV x mA),10 W (calculated from kV x mA),10 W (calculated from kV x mA),10 W (calculated from kV x mA),10 W (calculated from kV x mA),10 W (calculated from kV x mA),10 W (calculated from kV x mA),10 W (calculated from kV x mA),10 W (calculated from kV x mA),10 W (calculated from kV x mA),10 W (calculated from kV x mA),10 W (calculated from kV x mA),10 W (calculated from kV x mA),10 W (calculated from kV x mA),10 W (calculated from kV x mA),10 W (calculated from kV x mA),10 W (calculated from kV x mA),10 W (calculated from kV x mA),10 W (calculated from kV x mA),9 W (calculated from kV x mA),10 W (calculated from kV x mA),10 W (calculated from kV x mA),10 W (calculated from kV x mA),9 W (calculated from kV x mA),10 W (calculated from kV x mA),10 W (calculated from kV x mA),9 W (calculated from kV x mA),10 W (calculated from kV x mA),10 W (calculated from kV x mA),10 W (calculated from kV x mA),10 W (calculated from kV x mA),10 W (calculated from kV x mA),10 W (calculated from kV x mA),10 W (calculated from kV x mA),10 W (calculated from kV x mA),,10 W (calculated from kV x mA)
Amperage,200 uA,200 uA,200 uA,200 uA,200 uA,200 uA,200 uA,200 uA,200 uA,200 uA,200 uA,200 uA,200 uA,200 uA,200 uA,200 uA,200 uA,200 uA,200 uA,200 uA,200 uA,200 uA,200 uA,200 uA,200 uA,200 uA,200 uA,200 uA,200 uA,200 uA,200 uA,200 uA,200 uA,200 uA,200 uA,200 uA,200 uA,200 uA,200 uA,200 uA,200 uA,200 uA,200 uA,200 uA,200 uA,200 uA,200 uA,200 uA,200 uA,200 uA,200 uA,200 uA,,200 uA
Surrounding material,Not recorded in log,Not recorded in log,Not recorded in log,Not recorded in log,Not recorded in log,Not recorded in log,Not recorded in log,Not recorded in log,Not recorded in log,Not recorded in log,Not recorded in log,Not recorded in log,Not recorded in log,Not recorded in log,Not recorded in log,Not recorded in log,Not recorded in log,Not recorded in log,Not recorded in log,Not recorded in log,Not recorded in log,Not recorded in log,Not recorded in log,Not recorded in log,Not recorded in log,Not recorded in log,Not recorded in log,Not recorded in log,Not recorded in log,Not recorded in log,Not recorded in log,Not recorded in log,Not recorded in log,Not recorded in log,Not recorded in log,Not recorded in log,Not recorded in log,Not recorded in log,Not recorded in log,Not recorded in log,Not recorded in log,Not recorded in log,Not recorded in log,Not recorded in log,Not recorded in log,Not recorded in log,Not recorded in log,Not recorded in log,Not recorded in log,Not recorded in log,Not recorded in log,Not recorded in log,Not recorded in log,Not recorded in log
X-ray tube type,HAMAMATSU L10321; source spot size=Small,HAMAMATSU L10321; source spot size=Small,HAMAMATSU L10321; source spot size=Small,HAMAMATSU L10321; source spot size=Small,HAMAMATSU L10321; source spot size=Small,HAMAMATSU L10321; source spot size=Small,HAMAMATSU L10321; source spot size=Small,HAMAMATSU L10321; source spot size=Small,HAMAMATSU L10321; source spot size=Small,HAMAMATSU L10321; source spot size=Small,HAMAMATSU L10321; source spot size=Small,HAMAMATSU L10321; source spot size=Small,HAMAMATSU L10321; source spot size=Small,HAMAMATSU L10321; source spot size=Small,HAMAMATSU L10321; source spot size=Small,HAMAMATSU L10321; source spot size=Small,HAMAMATSU L10321; source spot size=Small,HAMAMATSU L10321; source spot size=Small,HAMAMATSU L10321; source spot size=Small,HAMAMATSU L10321; source spot size=Small,HAMAMATSU L10321; source spot size=Small,HAMAMATSU L10321; source spot size=Small,HAMAMATSU L10321; source spot size=Small,HAMAMATSU L10321; source spot size=Small,HAMAMATSU L10321; source spot size=Small,HAMAMATSU L10321; source spot size=Small,HAMAMATSU L10321; source spot size=Small,HAMAMATSU L10321; source spot size=Small,HAMAMATSU L10321; source spot size=Small,HAMAMATSU L10321; source spot size=Small,HAMAMATSU L10321; source spot size=Small,HAMAMATSU L10321; source spot size=Small,HAMAMATSU L10321; source spot size=Small,HAMAMATSU L10321; source spot size=Small,HAMAMATSU L10321; source spot size=Small,HAMAMATSU L10321; source spot size=Small,HAMAMATSU L10321; source spot size=Small,HAMAMATSU L10321; source spot size=Small,HAMAMATSU L10321; source spot size=Small,HAMAMATSU L10321; source spot size=Small,HAMAMATSU L10321; source spot size=Small,HAMAMATSU L10321; source spot size=Small,HAMAMATSU L10321; source spot size=Small,HAMAMATSU L10321; source spot size=Small,HAMAMATSU L10321; source spot size=Small,HAMAMATSU L10321; source spot size=Small,HAMAMATSU L10321; source spot size=Small,HAMAMATSU L10321; source spot size=Small,HAMAMATSU L10321; source spot size=Small,HAMAMATSU L10321; source spot size=Small,HAMAMATSU L10321; source spot size=Small,HAMAMATSU L10321; source spot size=Small,,HAMAMATSU L10321; source spot size=Small
Target type,Not recorded in log,Not recorded in log,Not recorded in log,Not recorded in log,Not recorded in log,Not recorded in log,Not recorded in log,Not recorded in log,Not recorded in log,Not recorded in log,Not recorded in log,Not recorded in log,Not recorded in log,Not recorded in log,Not recorded in log,Not recorded in log,Not recorded in log,Not recorded in log,Not recorded in log,Not recorded in log,Not recorded in log,Not recorded in log,Not recorded in log,Not recorded in log,Not recorded in log,Not recorded in log,Not recorded in log,Not recorded in log,Not recorded in log,Not recorded in log,Not recorded in log,Not recorded in log,Not recorded in log,Not recorded in log,Not recorded in log,Not recorded in log,Not recorded in log,Not recorded in log,Not recorded in log,Not recorded in log,Not recorded in log,Not recorded in log,Not recorded in log,Not recorded in log,Not recorded in log,Not recorded in log,Not recorded in log,Not recorded in log,Not recorded in log,Not recorded in log,Not recorded in log,Not recorded in log,Not recorded in log,Not recorded in log
Detector type,XIMEA MH110XC-KK-TP,XIMEA MH110XC-KK-TP,XIMEA MH110XC-KK-TP,XIMEA MH110XC-KK-TP,XIMEA MH110XC-KK-TP,XIMEA MH110XC-KK-TP,XIMEA MH110XC-KK-TP,XIMEA MH110XC-KK-TP,XIMEA MH110XC-KK-TP,XIMEA MH110XC-KK-TP,XIMEA MH110XC-KK-TP,XIMEA MH110XC-KK-TP,XIMEA MH110XC-KK-TP,XIMEA MH110XC-KK-TP,XIMEA MH110XC-KK-TP,XIMEA MH110XC-KK-TP,XIMEA MH110XC-KK-TP,XIMEA MH110XC-KK-TP,XIMEA MH110XC-KK-TP,XIMEA MH110XC-KK-TP,XIMEA MH110XC-KK-TP,XIMEA MH110XC-KK-TP,XIMEA MH110XC-KK-TP,XIMEA MH110XC-KK-TP,XIMEA MH110XC-KK-TP,XIMEA MH110XC-KK-TP,XIMEA MH110XC-KK-TP,XIMEA MH110XC-KK-TP,XIMEA MH110XC-KK-TP,XIMEA MH110XC-KK-TP,XIMEA MH110XC-KK-TP,XIMEA MH110XC-KK-TP,XIMEA MH110XC-KK-TP,XIMEA MH110XC-KK-TP,XIMEA MH110XC-KK-TP,XIMEA MH110XC-KK-TP,XIMEA MH110XC-KK-TP,XIMEA MH110XC-KK-TP,XIMEA MH110XC-KK-TP,XIMEA MH110XC-KK-TP,XIMEA MH110XC-KK-TP,XIMEA MH110XC-KK-TP,XIMEA MH110XC-KK-TP,XIMEA MH110XC-KK-TP,XIMEA MH110XC-KK-TP,XIMEA MH110XC-KK-TP,XIMEA MH110XC-KK-TP,XIMEA MH110XC-KK-TP,XIMEA MH110XC-KK-TP,XIMEA MH110XC-KK-TP,XIMEA MH110XC-KK-TP,XIMEA MH110XC-KK-TP,,XIMEA MH110XC-KK-TP
Detector pixels X,2016,2016,2016,2016,2016,4032,2016,4032,2016,4032,2016,2016,2016,2016,2016,2016,2016,2016,2016,4032,2016,2016,4032,2016,4032,4032,2016,2016,2016,2016,2016,2016,3712,2016,2016,2016,4032,3712,2016,2016,4032,2016,3712,4032,4032,2016,4032,4032,4032,4032,3712,4032,,2016
Detector pixels size X,17.525 um,17.525 um,17.525 um,17.525 um,17.525 um,17.525 um,17.525 um,17.525 um,17.525 um,17.525 um,17.525 um,17.525 um,17.525 um,17.525 um,17.525 um,17.525 um,17.525 um,17.525 um,17.525 um,17.525 um,17.525 um,17.525 um,17.525 um,17.525 um,17.525 um,17.525 um,17.525 um,17.525 um,17.525 um,17.525 um,17.525 um,17.525 um,17.525 um,17.525 um,17.525 um,17.525 um,17.525 um,17.525 um,17.525 um,17.525 um,17.525 um,17.525 um,17.525 um,17.525 um,17.525 um,17.525 um,17.525 um,17.525 um,17.525 um,17.525 um,17.525 um,17.525 um,,17.525 um
Detector pixels Y,1344,1344,1344,1344,1344,2688,1344,2688,1344,2688,1344,1344,1344,1344,1344,1344,1344,1344,1344,2688,1344,1344,2688,1344,2688,2688,1344,1344,1344,1344,1344,1344,1344,1344,1344,1344,2688,1344,1344,1344,2688,1344,1344,2688,2688,1344,2688,2688,2688,2688,1344,2688,,1344
Detector pixels size Y,17.525 um,17.525 um,17.525 um,17.525 um,17.525 um,17.525 um,17.525 um,17.525 um,17.525 um,17.525 um,17.525 um,17.525 um,17.525 um,17.525 um,17.525 um,17.525 um,17.525 um,17.525 um,17.525 um,17.525 um,17.525 um,17.525 um,17.525 um,17.525 um,17.525 um,17.525 um,17.525 um,17.525 um,17.525 um,17.525 um,17.525 um,17.525 um,17.525 um,17.525 um,17.525 um,17.525 um,17.525 um,17.525 um,17.525 um,17.525 um,17.525 um,17.525 um,17.525 um,17.525 um,17.525 um,17.525 um,17.525 um,17.525 um,17.525 um,17.525 um,17.525 um,17.525 um,,17.525 um
Detector configuration,Camera binning=2x2; Image format=TIFF; Depth=16 bits; Columns=2016; Rows=1344,Camera binning=2x2; Image format=TIFF; Depth=16 bits; Columns=2016; Rows=1344,Camera binning=2x2; Image format=TIFF; Depth=16 bits; Columns=2016; Rows=1344,Camera binning=2x2; Image format=TIFF; Depth=16 bits; Columns=2016; Rows=1344,Camera binning=2x2; Image format=TIFF; Depth=16 bits; Columns=2016; Rows=1344,Camera binning=1x1; Image format=TIFF; Depth=16 bits; Columns=4032; Rows=2688,Camera binning=2x2; Image format=TIFF; Depth=16 bits; Columns=2016; Rows=1344,Camera binning=1x1; Image format=TIFF; Depth=16 bits; Columns=4032; Rows=2688,Camera binning=2x2; Image format=TIFF; Depth=16 bits; Columns=2016; Rows=1344,Camera binning=1x1; Image format=TIFF; Depth=16 bits; Columns=4032; Rows=2688,Camera binning=2x2; Image format=TIFF; Depth=16 bits; Columns=2016; Rows=1344,Camera binning=2x2; Image format=TIFF; Depth=16 bits; Columns=2016; Rows=1344,Camera binning=2x2; Image format=TIFF; Depth=16 bits; Columns=2016; Rows=1344,Camera binning=2x2; Image format=TIFF; Depth=16 bits; Columns=2016; Rows=1344,Camera binning=2x2; Image format=TIFF; Depth=16 bits; Columns=2016; Rows=1344,Camera binning=2x2; Image format=TIFF; Depth=16 bits; Columns=2016; Rows=1344,Camera binning=2x2; Image format=TIFF; Depth=16 bits; Columns=2016; Rows=1344,Camera binning=2x2; Image format=TIFF; Depth=16 bits; Columns=2016; Rows=1344,Camera binning=2x2; Image format=TIFF; Depth=16 bits; Columns=2016; Rows=1344,Camera binning=1x1; Image format=TIFF; Depth=16 bits; Columns=4032; Rows=2688,Camera binning=2x2; Image format=TIFF; Depth=16 bits; Columns=2016; Rows=1344,Camera binning=2x2; Image format=TIFF; Depth=16 bits; Columns=2016; Rows=1344,Camera binning=1x1; Image format=TIFF; Depth=16 bits; Columns=4032; Rows=2688,Camera binning=2x2; Image format=TIFF; Depth=16 bits; Columns=2016; Rows=1344,Camera binning=1x1; Image format=TIFF; Depth=16 bits; Columns=4032; Rows=2688,Camera binning=1x1; Image format=TIFF; Depth=16 bits; Columns=4032; Rows=2688,Camera binning=2x2; Image format=TIFF; Depth=16 bits; Columns=2016; Rows=1344,Camera binning=2x2; Image format=TIFF; Depth=16 bits; Columns=2016; Rows=1344,Camera binning=2x2; Image format=TIFF; Depth=16 bits; Columns=2016; Rows=1344,Camera binning=2x2; Image format=TIFF; Depth=16 bits; Columns=2016; Rows=1344,Camera binning=2x2; Image format=TIFF; Depth=16 bits; Columns=2016; Rows=1344,Camera binning=2x2; Image format=TIFF; Depth=16 bits; Columns=2016; Rows=1344,Camera binning=2x2; Image format=TIFF; Depth=16 bits; Columns=3712; Rows=1344,Camera binning=2x2; Image format=TIFF; Depth=16 bits; Columns=2016; Rows=1344,Camera binning=2x2; Image format=TIFF; Depth=16 bits; Columns=2016; Rows=1344,Camera binning=2x2; Image format=TIFF; Depth=16 bits; Columns=2016; Rows=1344,Camera binning=1x1; Image format=TIFF; Depth=16 bits; Columns=4032; Rows=2688,Camera binning=2x2; Image format=TIFF; Depth=16 bits; Columns=3712; Rows=1344,Camera binning=2x2; Image format=TIFF; Depth=16 bits; Columns=2016; Rows=1344,Camera binning=2x2; Image format=TIFF; Depth=16 bits; Columns=2016; Rows=1344,Camera binning=1x1; Image format=TIFF; Depth=16 bits; Columns=4032; Rows=2688,Camera binning=2x2; Image format=TIFF; Depth=16 bits; Columns=2016; Rows=1344,Camera binning=2x2; Image format=TIFF; Depth=16 bits; Columns=3712; Rows=1344,Camera binning=1x1; Image format=TIFF; Depth=16 bits; Columns=4032; Rows=2688,Camera binning=1x1; Image format=TIFF; Depth=16 bits; Columns=4032; Rows=2688,Camera binning=2x2; Image format=TIFF; Depth=16 bits; Columns=2016; Rows=1344,Camera binning=1x1; Image format=TIFF; Depth=16 bits; Columns=4032; Rows=2688,Camera binning=1x1; Image format=TIFF; Depth=16 bits; Columns=4032; Rows=2688,Camera binning=1x1; Image format=TIFF; Depth=16 bits; Columns=4032; Rows=2688,Camera binning=1x1; Image format=TIFF; Depth=16 bits; Columns=4032; Rows=2688,Camera binning=2x2; Image format=TIFF; Depth=16 bits; Columns=3712; Rows=1344,Camera binning=1x1; Image format=TIFF; Depth=16 bits; Columns=4032; Rows=2688,Camera binning=; Image format=; Depth= bits; Columns=; Rows=,Camera binning=2x2; Image format=TIFF; Depth=16 bits; Columns=2016; Rows=1344
Source object distance,45.568 mm,36.522 mm,45.568 mm,59.134 mm,59.134 mm,45.568 mm,59.134 mm,45.568 mm,59.134 mm,45.568 mm,45.568 mm,50.088 mm,59.134 mm,45.568 mm,92.816 mm,45.568 mm,45.568 mm,59.134 mm,45.568 mm,45.568 mm,45.568 mm,45.568 mm,45.568 mm,45.568 mm,45.568 mm,45.568 mm,54.613 mm,59.134 mm,45.568 mm,68.180 mm,68.180 mm,68.180 mm,68.143 mm,68.180 mm,68.180 mm,68.180 mm,36.522 mm,68.143 mm,68.180 mm,68.180 mm,36.522 mm,68.180 mm,68.143 mm,36.522 mm,36.522 mm,68.180 mm,36.522 mm,36.522 mm,36.522 mm,36.522 mm,68.143 mm,36.522 mm,,68.180 mm
Source detector distance,158.506 mm,158.506 mm,158.506 mm,158.506 mm,158.506 mm,158.506 mm,158.506 mm,158.506 mm,158.506 mm,158.506 mm,158.506 mm,158.506 mm,158.506 mm,158.506 mm,158.506 mm,158.506 mm,158.506 mm,158.506 mm,158.506 mm,158.506 mm,158.506 mm,158.506 mm,158.506 mm,158.506 mm,158.506 mm,158.506 mm,158.506 mm,158.506 mm,158.506 mm,158.506 mm,158.506 mm,158.506 mm,158.506 mm,158.506 mm,158.506 mm,158.506 mm,158.506 mm,158.506 mm,158.506 mm,158.506 mm,158.506 mm,158.506 mm,158.506 mm,158.506 mm,158.506 mm,158.506 mm,158.506 mm,158.506 mm,158.506 mm,158.506 mm,158.506 mm,158.506 mm,,158.506 mm
Target material,Not recorded in log,Not recorded in log,Not recorded in log,Not recorded in log,Not recorded in log,Not recorded in log,Not recorded in log,Not recorded in log,Not recorded in log,Not recorded in log,Not recorded in log,Not recorded in log,Not recorded in log,Not recorded in log,Not recorded in log,Not recorded in log,Not recorded in log,Not recorded in log,Not recorded in log,Not recorded in log,Not recorded in log,Not recorded in log,Not recorded in log,Not recorded in log,Not recorded in log,Not recorded in log,Not recorded in log,Not recorded in log,Not recorded in log,Not recorded in log,Not recorded in log,Not recorded in log,Not recorded in log,Not recorded in log,Not recorded in log,Not recorded in log,Not recorded in log,Not recorded in log,Not recorded in log,Not recorded in log,Not recorded in log,Not recorded in log,Not recorded in log,Not recorded in log,Not recorded in log,Not recorded in log,Not recorded in log,Not recorded in log,Not recorded in log,Not recorded in log,Not recorded in log,Not recorded in log,Not recorded in log,Not recorded in log
Rotation number,Use 360 Rotation=NO; Rotation Step=0.400 deg; approx. 206.4 deg acquisition coverage,Use 360 Rotation=NO; Rotation Step=0.400 deg; approx. 206.4 deg acquisition coverage,Use 360 Rotation=NO; Rotation Step=0.400 deg; approx. 206.4 deg acquisition coverage,Use 360 Rotation=NO; Rotation Step=0.400 deg; approx. 206.4 deg acquisition coverage,Use 360 Rotation=NO; Rotation Step=0.400 deg; approx. 206.4 deg acquisition coverage,Use 360 Rotation=NO; Rotation Step=0.200 deg; approx. 205.8 deg acquisition coverage,Use 360 Rotation=NO; Rotation Step=0.400 deg; approx. 206.4 deg acquisition coverage,Use 360 Rotation=NO; Rotation Step=0.200 deg; approx. 205.8 deg acquisition coverage,Use 360 Rotation=NO; Rotation Step=0.400 deg; approx. 206.4 deg acquisition coverage,Use 360 Rotation=NO; Rotation Step=0.200 deg; approx. 205.8 deg acquisition coverage,Use 360 Rotation=NO; Rotation Step=0.400 deg; approx. 206.4 deg acquisition coverage,Use 360 Rotation=NO; Rotation Step=0.400 deg; approx. 206.4 deg acquisition coverage,Use 360 Rotation=NO; Rotation Step=0.400 deg; approx. 206.4 deg acquisition coverage,Use 360 Rotation=NO; Rotation Step=0.400 deg; approx. 206.4 deg acquisition coverage,Use 360 Rotation=NO; Rotation Step=0.400 deg; approx. 206.4 deg acquisition coverage,Use 360 Rotation=NO; Rotation Step=0.400 deg; approx. 206.4 deg acquisition coverage,Use 360 Rotation=NO; Rotation Step=0.400 deg; approx. 206.4 deg acquisition coverage,Use 360 Rotation=NO; Rotation Step=0.400 deg; approx. 206.4 deg acquisition coverage,Use 360 Rotation=NO; Rotation Step=0.400 deg; approx. 206.4 deg acquisition coverage,Use 360 Rotation=NO; Rotation Step=0.200 deg; approx. 205.8 deg acquisition coverage,Use 360 Rotation=NO; Rotation Step=0.400 deg; approx. 206.4 deg acquisition coverage,Use 360 Rotation=NO; Rotation Step=0.400 deg; approx. 206.4 deg acquisition coverage,Use 360 Rotation=NO; Rotation Step=0.200 deg; approx. 205.8 deg acquisition coverage,Use 360 Rotation=NO; Rotation Step=0.400 deg; approx. 206.4 deg acquisition coverage,Use 360 Rotation=NO; Rotation Step=0.200 deg; approx. 205.8 deg acquisition coverage,Use 360 Rotation=NO; Rotation Step=0.200 deg; approx. 205.8 deg acquisition coverage,Use 360 Rotation=NO; Rotation Step=0.400 deg; approx. 206.4 deg acquisition coverage,Use 360 Rotation=NO; Rotation Step=0.400 deg; approx. 206.4 deg acquisition coverage,Use 360 Rotation=NO; Rotation Step=0.400 deg; approx. 206.4 deg acquisition coverage,Use 360 Rotation=NO; Rotation Step=0.400 deg; approx. 206.4 deg acquisition coverage,Use 360 Rotation=NO; Rotation Step=0.400 deg; approx. 206.4 deg acquisition coverage,Use 360 Rotation=NO; Rotation Step=0.400 deg; approx. 206.4 deg acquisition coverage,Use 360 Rotation=NO; Rotation Step=0.400 deg; approx. 226 deg acquisition coverage,Use 360 Rotation=NO; Rotation Step=0.400 deg; approx. 206.4 deg acquisition coverage,Use 360 Rotation=NO; Rotation Step=0.400 deg; approx. 206.4 deg acquisition coverage,Use 360 Rotation=NO; Rotation Step=0.400 deg; approx. 206.4 deg acquisition coverage,Use 360 Rotation=NO; Rotation Step=0.200 deg; approx. 205.8 deg acquisition coverage,Use 360 Rotation=NO; Rotation Step=0.400 deg; approx. 226 deg acquisition coverage,Use 360 Rotation=NO; Rotation Step=0.400 deg; approx. 206.4 deg acquisition coverage,Use 360 Rotation=NO; Rotation Step=0.400 deg; approx. 206.4 deg acquisition coverage,Use 360 Rotation=NO; Rotation Step=0.200 deg; approx. 205.8 deg acquisition coverage,Use 360 Rotation=NO; Rotation Step=0.400 deg; approx. 206.4 deg acquisition coverage,Use 360 Rotation=NO; Rotation Step=0.400 deg; approx. 226 deg acquisition coverage,Use 360 Rotation=NO; Rotation Step=0.200 deg; approx. 205.8 deg acquisition coverage,Use 360 Rotation=NO; Rotation Step=0.200 deg; approx. 205.8 deg acquisition coverage,Use 360 Rotation=NO; Rotation Step=0.400 deg; approx. 206.4 deg acquisition coverage,Use 360 Rotation=NO; Rotation Step=0.200 deg; approx. 205.8 deg acquisition coverage,Use 360 Rotation=NO; Rotation Step=0.200 deg; approx. 205.8 deg acquisition coverage,Use 360 Rotation=NO; Rotation Step=0.200 deg; approx. 205.8 deg acquisition coverage,Use 360 Rotation=NO; Rotation Step=0.200 deg; approx. 205.8 deg acquisition coverage,Use 360 Rotation=NO; Rotation Step=0.400 deg; approx. 226 deg acquisition coverage,Use 360 Rotation=NO; Rotation Step=0.200 deg; approx. 205.8 deg acquisition coverage,Use 360 Rotation=; Rotation Step= deg,Use 360 Rotation=NO; Rotation Step=0.400 deg; approx. 206.4 deg acquisition coverage
Phase contrast,Not recorded in log,Not recorded in log,Not recorded in log,Not recorded in log,Not recorded in log,Not recorded in log,Not recorded in log,Not recorded in log,Not recorded in log,Not recorded in log,Not recorded in log,Not recorded in log,Not recorded in log,Not recorded in log,Not recorded in log,Not recorded in log,Not recorded in log,Not recorded in log,Not recorded in log,Not recorded in log,Not recorded in log,Not recorded in log,Not recorded in log,Not recorded in log,Not recorded in log,Not recorded in log,Not recorded in log,Not recorded in log,Not recorded in log,Not recorded in log,Not recorded in log,Not recorded in log,Not recorded in log,Not recorded in log,Not recorded in log,Not recorded in log,Not recorded in log,Not recorded in log,Not recorded in log,Not recorded in log,Not recorded in log,Not recorded in log,Not recorded in log,Not recorded in log,Not recorded in log,Not recorded in log,Not recorded in log,Not recorded in log,Not recorded in log,Not recorded in log,Not recorded in log,Not recorded in log,Not recorded in log,Not recorded in log
Optical magnification,1.739x (calculated from detector pixel size / image pixel size),2.17x (calculated from detector pixel size / image pixel size),1.739x (calculated from detector pixel size / image pixel size),1.34x (calculated from detector pixel size / image pixel size),1.34x (calculated from detector pixel size / image pixel size),3.478x (calculated from detector pixel size / image pixel size),1.34x (calculated from detector pixel size / image pixel size),3.478x (calculated from detector pixel size / image pixel size),1.34x (calculated from detector pixel size / image pixel size),3.478x (calculated from detector pixel size / image pixel size),1.739x (calculated from detector pixel size / image pixel size),1.582x (calculated from detector pixel size / image pixel size),1.34x (calculated from detector pixel size / image pixel size),1.739x (calculated from detector pixel size / image pixel size),0.854x (calculated from detector pixel size / image pixel size),1.739x (calculated from detector pixel size / image pixel size),1.739x (calculated from detector pixel size / image pixel size),1.34x (calculated from detector pixel size / image pixel size),1.739x (calculated from detector pixel size / image pixel size),3.478x (calculated from detector pixel size / image pixel size),1.739x (calculated from detector pixel size / image pixel size),1.739x (calculated from detector pixel size / image pixel size),3.478x (calculated from detector pixel size / image pixel size),1.739x (calculated from detector pixel size / image pixel size),3.478x (calculated from detector pixel size / image pixel size),3.478x (calculated from detector pixel size / image pixel size),1.451x (calculated from detector pixel size / image pixel size),1.34x (calculated from detector pixel size / image pixel size),1.739x (calculated from detector pixel size / image pixel size),1.162x (calculated from detector pixel size / image pixel size),1.162x (calculated from detector pixel size / image pixel size),1.162x (calculated from detector pixel size / image pixel size),1.163x (calculated from detector pixel size / image pixel size),1.162x (calculated from detector pixel size / image pixel size),1.162x (calculated from detector pixel size / image pixel size),1.162x (calculated from detector pixel size / image pixel size),4.34x (calculated from detector pixel size / image pixel size),1.163x (calculated from detector pixel size / image pixel size),1.162x (calculated from detector pixel size / image pixel size),1.162x (calculated from detector pixel size / image pixel size),4.34x (calculated from detector pixel size / image pixel size),1.162x (calculated from detector pixel size / image pixel size),1.163x (calculated from detector pixel size / image pixel size),4.34x (calculated from detector pixel size / image pixel size),4.34x (calculated from detector pixel size / image pixel size),1.162x (calculated from detector pixel size / image pixel size),4.34x (calculated from detector pixel size / image pixel size),4.34x (calculated from detector pixel size / image pixel size),4.34x (calculated from detector pixel size / image pixel size),4.34x (calculated from detector pixel size / image pixel size),1.163x (calculated from detector pixel size / image pixel size),4.34x (calculated from detector pixel size / image pixel size),,1.162x (calculated from detector pixel size / image pixel size)
Acquisition type,STEP AND SHOOT; Scanning Trajectory=ROUND,STEP AND SHOOT; Scanning Trajectory=ROUND,STEP AND SHOOT; Scanning Trajectory=ROUND,STEP AND SHOOT; Scanning Trajectory=ROUND,STEP AND SHOOT; Scanning Trajectory=ROUND,STEP AND SHOOT; Scanning Trajectory=ROUND,STEP AND SHOOT; Scanning Trajectory=ROUND,STEP AND SHOOT; Scanning Trajectory=ROUND,STEP AND SHOOT; Scanning Trajectory=ROUND,STEP AND SHOOT; Scanning Trajectory=ROUND,STEP AND SHOOT; Scanning Trajectory=ROUND,STEP AND SHOOT; Scanning Trajectory=ROUND,STEP AND SHOOT; Scanning Trajectory=ROUND,STEP AND SHOOT; Scanning Trajectory=ROUND,STEP AND SHOOT; Scanning Trajectory=ROUND,STEP AND SHOOT; Scanning Trajectory=ROUND,STEP AND SHOOT; Scanning Trajectory=ROUND,STEP AND SHOOT; Scanning Trajectory=ROUND,STEP AND SHOOT; Scanning Trajectory=ROUND,STEP AND SHOOT; Scanning Trajectory=ROUND,STEP AND SHOOT; Scanning Trajectory=ROUND,STEP AND SHOOT; Scanning Trajectory=ROUND,STEP AND SHOOT; Scanning Trajectory=ROUND,STEP AND SHOOT; Scanning Trajectory=ROUND,STEP AND SHOOT; Scanning Trajectory=ROUND,STEP AND SHOOT; Scanning Trajectory=ROUND,STEP AND SHOOT; Scanning Trajectory=ROUND,STEP AND SHOOT; Scanning Trajectory=ROUND,STEP AND SHOOT; Scanning Trajectory=ROUND,STEP AND SHOOT; Scanning Trajectory=ROUND,STEP AND SHOOT; Scanning Trajectory=ROUND,STEP AND SHOOT; Scanning Trajectory=ROUND,STEP AND SHOOT; Scanning Trajectory=ROUND,STEP AND SHOOT; Scanning Trajectory=ROUND,STEP AND SHOOT; Scanning Trajectory=ROUND,STEP AND SHOOT; Scanning Trajectory=ROUND,STEP AND SHOOT; Scanning Trajectory=ROUND,STEP AND SHOOT; Scanning Trajectory=ROUND,STEP AND SHOOT; Scanning Trajectory=ROUND,STEP AND SHOOT; Scanning Trajectory=ROUND,STEP AND SHOOT; Scanning Trajectory=ROUND,STEP AND SHOOT; Scanning Trajectory=ROUND,STEP AND SHOOT; Scanning Trajectory=ROUND,STEP AND SHOOT; Scanning Trajectory=ROUND,STEP AND SHOOT; Scanning Trajectory=ROUND,STEP AND SHOOT; Scanning Trajectory=ROUND,STEP AND SHOOT; Scanning Trajectory=ROUND,STEP AND SHOOT; Scanning Trajectory=ROUND,STEP AND SHOOT; Scanning Trajectory=ROUND,STEP AND SHOOT; Scanning Trajectory=ROUND,STEP AND SHOOT; Scanning Trajectory=ROUND,STEP AND SHOOT; Scanning Trajectory=ROUND,,STEP AND SHOOT; Scanning Trajectory=ROUND
Log file,G:\我的雲端硬碟\0.RPG_System_Center\Raw\0.Publish\1.Doridida spicule and phylogeny\MicroCT_data\voi\NMMB-M011879\NMMB-M011879.log,G:\我的雲端硬碟\0.RPG_System_Center\Raw\0.Publish\1.Doridida spicule and phylogeny\MicroCT_data\voi\NMMB-M011880\NMMB-M011880.log,G:\我的雲端硬碟\0.RPG_System_Center\Raw\0.Publish\1.Doridida spicule and phylogeny\MicroCT_data\voi\NMMB-M011881\NMMB-M011881.log,G:\我的雲端硬碟\0.RPG_System_Center\Raw\0.Publish\1.Doridida spicule and phylogeny\MicroCT_data\voi\NMMB-M011882\NMMB-M011882.log,G:\我的雲端硬碟\0.RPG_System_Center\Raw\0.Publish\1.Doridida spicule and phylogeny\MicroCT_data\voi\NMMB-M011883\NMMB-M011883.log,G:\我的雲端硬碟\0.RPG_System_Center\Raw\0.Publish\1.Doridida spicule and phylogeny\MicroCT_data\voi\NMMB-M011885\NMMB-M011885.log,G:\我的雲端硬碟\0.RPG_System_Center\Raw\0.Publish\1.Doridida spicule and phylogeny\MicroCT_data\voi\NMMB-M011886\NMMB-M011886.log,G:\我的雲端硬碟\0.RPG_System_Center\Raw\0.Publish\1.Doridida spicule and phylogeny\MicroCT_data\voi\NMMB-M011887\NMMB-M011887.log,G:\我的雲端硬碟\0.RPG_System_Center\Raw\0.Publish\1.Doridida spicule and phylogeny\MicroCT_data\voi\NMMB-M011888\NMMB-M011888.log,G:\我的雲端硬碟\0.RPG_System_Center\Raw\0.Publish\1.Doridida spicule and phylogeny\MicroCT_data\voi\NMMB-M011889\NMMB-M0118.log,G:\我的雲端硬碟\0.RPG_System_Center\Raw\0.Publish\1.Doridida spicule and phylogeny\MicroCT_data\voi\NMMB-M011891\NMMB-M011891.log,G:\我的雲端硬碟\0.RPG_System_Center\Raw\0.Publish\1.Doridida spicule and phylogeny\MicroCT_data\voi\NMMB-M011892\NMMB-M011892.log,G:\我的雲端硬碟\0.RPG_System_Center\Raw\0.Publish\1.Doridida spicule and phylogeny\MicroCT_data\voi\NMMB-M011893\NMMB-M011893.log,G:\我的雲端硬碟\0.RPG_System_Center\Raw\0.Publish\1.Doridida spicule and phylogeny\MicroCT_data\voi\NMMB-M011894\NMMB-M011894.log,G:\我的雲端硬碟\0.RPG_System_Center\Raw\0.Publish\1.Doridida spicule and phylogeny\MicroCT_data\voi\NMMB-M011895\NMMB-M011895.log,G:\我的雲端硬碟\0.RPG_System_Center\Raw\0.Publish\1.Doridida spicule and phylogeny\MicroCT_data\voi\NMMB-M011896\NMMB-M011896.log,G:\我的雲端硬碟\0.RPG_System_Center\Raw\0.Publish\1.Doridida spicule and phylogeny\MicroCT_data\voi\NMMB-M011897\NMMB-M011897.log,G:\我的雲端硬碟\0.RPG_System_Center\Raw\0.Publish\1.Doridida spicule and phylogeny\MicroCT_data\voi\NMMB-M011898\NMMB-M011898.log,G:\我的雲端硬碟\0.RPG_System_Center\Raw\0.Publish\1.Doridida spicule and phylogeny\MicroCT_data\voi\NMMB-M011899\NMMB-M011899.log,G:\我的雲端硬碟\0.RPG_System_Center\Raw\0.Publish\1.Doridida spicule and phylogeny\MicroCT_data\voi\NMMB-M011900\NMMB-M011900.log,G:\我的雲端硬碟\0.RPG_System_Center\Raw\0.Publish\1.Doridida spicule and phylogeny\MicroCT_data\voi\NMMB-M011901\NMMB-M011901.log,G:\我的雲端硬碟\0.RPG_System_Center\Raw\0.Publish\1.Doridida spicule and phylogeny\MicroCT_data\voi\NMMB-M011902\NMMB-M011902.log,G:\我的雲端硬碟\0.RPG_System_Center\Raw\0.Publish\1.Doridida spicule and phylogeny\MicroCT_data\voi\NMMB-M011903\NMMB-M011903.log,G:\我的雲端硬碟\0.RPG_System_Center\Raw\0.Publish\1.Doridida spicule and phylogeny\MicroCT_data\voi\NMMB-M011904\NMMB-M011904.log,G:\我的雲端硬碟\0.RPG_System_Center\Raw\0.Publish\1.Doridida spicule and phylogeny\MicroCT_data\voi\NMMB-M011905\NMMB-M011905.log,G:\我的雲端硬碟\0.RPG_System_Center\Raw\0.Publish\1.Doridida spicule and phylogeny\MicroCT_data\voi\NMMB-M011906\NMMB-M011906.log,G:\我的雲端硬碟\0.RPG_System_Center\Raw\0.Publish\1.Doridida spicule and phylogeny\MicroCT_data\voi\NMMB-M011907\NMMB-M011907.log,G:\我的雲端硬碟\0.RPG_System_Center\Raw\0.Publish\1.Doridida spicule and phylogeny\MicroCT_data\voi\NMMB-M011908\NMMB-M011908.log,G:\我的雲端硬碟\0.RPG_System_Center\Raw\0.Publish\1.Doridida spicule and phylogeny\MicroCT_data\voi\NMMB-M011909\NMMB-M011909.log,G:\我的雲端硬碟\0.RPG_System_Center\Raw\0.Publish\1.Doridida spicule and phylogeny\MicroCT_data\voi\NMMB-M011910\NMMB-M011910.log,G:\我的雲端硬碟\0.RPG_System_Center\Raw\0.Publish\1.Doridida spicule and phylogeny\MicroCT_data\voi\NMMB-M011911\NMMB-M011911.log,G:\我的雲端硬碟\0.RPG_System_Center\Raw\0.Publish\1.Doridida spicule and phylogeny\MicroCT_data\voi\NMMB-M011912\NMMB-M011912.log,G:\我的雲端硬碟\0.RPG_System_Center\Raw\0.Publish\1.Doridida spicule and phylogeny\MicroCT_data\voi\NMMB-M011913\NMMB-M011913.log,G:\我的雲端硬碟\0.RPG_System_Center\Raw\0.Publish\1.Doridida spicule and phylogeny\MicroCT_data\voi\NMMB-M011914\NMMB-M011914.log,G:\我的雲端硬碟\0.RPG_System_Center\Raw\0.Publish\1.Doridida spicule and phylogeny\MicroCT_data\voi\NMMB-M011915\NMMB-M011915.log,G:\我的雲端硬碟\0.RPG_System_Center\Raw\0.Publish\1.Doridida spicule and phylogeny\MicroCT_data\voi\NMMB-M011916\NMMB-M011916.log,G:\我的雲端硬碟\0.RPG_System_Center\Raw\0.Publish\1.Doridida spicule and phylogeny\MicroCT_data\voi\NMMB-M011917\NMMB-M011917.log,G:\我的雲端硬碟\0.RPG_System_Center\Raw\0.Publish\1.Doridida spicule and phylogeny\MicroCT_data\voi\NMMB-M011918\9. NU0249_rec_Tra.log,G:\我的雲端硬碟\0.RPG_System_Center\Raw\0.Publish\1.Doridida spicule and phylogeny\MicroCT_data\voi\NMMB-M011919\NMMB-M011919.log,G:\我的雲端硬碟\0.RPG_System_Center\Raw\0.Publish\1.Doridida spicule and phylogeny\MicroCT_data\voi\NMMB-M011920\NMMB-M011920.log,G:\我的雲端硬碟\0.RPG_System_Center\Raw\0.Publish\1.Doridida spicule and phylogeny\MicroCT_data\voi\NMMB-M011921\NMMB-M011921.log,G:\我的雲端硬碟\0.RPG_System_Center\Raw\0.Publish\1.Doridida spicule and phylogeny\MicroCT_data\voi\NMMB-M011922\NMMB-M011922.log,G:\我的雲端硬碟\0.RPG_System_Center\Raw\0.Publish\1.Doridida spicule and phylogeny\MicroCT_data\voi\NMMB-M011923\NMMB-M011923.log,G:\我的雲端硬碟\0.RPG_System_Center\Raw\0.Publish\1.Doridida spicule and phylogeny\MicroCT_data\voi\NMMB-M011924\NMMB-M011924.log,G:\我的雲端硬碟\0.RPG_System_Center\Raw\0.Publish\1.Doridida spicule and phylogeny\MicroCT_data\voi\NMMB-M011925\NMMB-M011925.log,G:\我的雲端硬碟\0.RPG_System_Center\Raw\0.Publish\1.Doridida spicule and phylogeny\MicroCT_data\voi\NMMB-M011926\NMMB-M011926.log,G:\我的雲端硬碟\0.RPG_System_Center\Raw\0.Publish\1.Doridida spicule and phylogeny\MicroCT_data\voi\NMMB-M011927\NMMB-M011927.log,G:\我的雲端硬碟\0.RPG_System_Center\Raw\0.Publish\1.Doridida spicule and phylogeny\MicroCT_data\voi\NMMB-M011928\NMMB-M011928.log,G:\我的雲端硬碟\0.RPG_System_Center\Raw\0.Publish\1.Doridida spicule and phylogeny\MicroCT_data\voi\NMMB-M011929\NMMB-M011929.log,G:\我的雲端硬碟\0.RPG_System_Center\Raw\0.Publish\1.Doridida spicule and phylogeny\MicroCT_data\voi\NMMB-M011930\NMMB-M011930.log,G:\我的雲端硬碟\0.RPG_System_Center\Raw\0.Publish\1.Doridida spicule and phylogeny\MicroCT_data\voi\NMMB-M011931\NMMB-M011931.log,G:\我的雲端硬碟\0.RPG_System_Center\Raw\0.Publish\1.Doridida spicule and phylogeny\MicroCT_data\voi\NMMB-M011932\NMMB-M011932.log,G:\我的雲端硬碟\0.RPG_System_Center\Raw\0.Publish\1.Doridida spicule and phylogeny\MicroCT_data\voi\NMMB-M011933\NMMB-M01.log,G:\我的雲端硬碟\0.RPG_System_Center\Raw\0.Publish\1.Doridida spicule and phylogeny\MicroCT_data\voi\NMMB-M011934\10. AC0003_rec_Tra.log
Notes,"Power, angular coverage, and magnification are calculated from logged values; surrounding material and target fields require external confirmation.","Power, angular coverage, and magnification are calculated from logged values; surrounding material and target fields require external confirmation.","Power, angular coverage, and magnification are calculated from logged values; surrounding material and target fields require external confirmation.","Power, angular coverage, and magnification are calculated from logged values; surrounding material and target fields require external confirmation.","Power, angular coverage, and magnification are calculated from logged values; surrounding material and target fields require external confirmation.","Power, angular coverage, and magnification are calculated from logged values; surrounding material and target fields require external confirmation.","Power, angular coverage, and magnification are calculated from logged values; surrounding material and target fields require external confirmation.","Power, angular coverage, and magnification are calculated from logged values; surrounding material and target fields require external confirmation.","Power, angular coverage, and magnification are calculated from logged values; surrounding material and target fields require external confirmation.","Power, angular coverage, and magnification are calculated from logged values; surrounding material and target fields require external confirmation.","Power, angular coverage, and magnification are calculated from logged values; surrounding material and target fields require external confirmation.","Power, angular coverage, and magnification are calculated from logged values; surrounding material and target fields require external confirmation.","Power, angular coverage, and magnification are calculated from logged values; surrounding material and target fields require external confirmation.","Power, angular coverage, and magnification are calculated from logged values; surrounding material and target fields require external confirmation.","Power, angular coverage, and magnification are calculated from logged values; surrounding material and target fields require external confirmation.","Power, angular coverage, and magnification are calculated from logged values; surrounding material and target fields require external confirmation.","Power, angular coverage, and magnification are calculated from logged values; surrounding material and target fields require external confirmation.","Power, angular coverage, and magnification are calculated from logged values; surrounding material and target fields require external confirmation.","Power, angular coverage, and magnification are calculated from logged values; surrounding material and target fields require external confirmation.","Power, angular coverage, and magnification are calculated from logged values; surrounding material and target fields require external confirmation.","Power, angular coverage, and magnification are calculated from logged values; surrounding material and target fields require external confirmation.","Power, angular coverage, and magnification are calculated from logged values; surrounding material and target fields require external confirmation.","Power, angular coverage, and magnification are calculated from logged values; surrounding material and target fields require external confirmation.","Power, angular coverage, and magnification are calculated from logged values; surrounding material and target fields require external confirmation.","Power, angular coverage, and magnification are calculated from logged values; surrounding material and target fields require external confirmation.","Power, angular coverage, and magnification are calculated from logged values; surrounding material and target fields require external confirmation.","Power, angular coverage, and magnification are calculated from logged values; surrounding material and target fields require external confirmation.","Power, angular coverage, and magnification are calculated from logged values; surrounding material and target fields require external confirmation.","Power, angular coverage, and magnification are calculated from logged values; surrounding material and target fields require external confirmation.","Power, angular coverage, and magnification are calculated from logged values; surrounding material and target fields require external confirmation.","Power, angular coverage, and magnification are calculated from logged values; surrounding material and target fields require external confirmation.","Power, angular coverage, and magnification are calculated from logged values; surrounding material and target fields require external confirmation.","Power, angular coverage, and magnification are calculated from logged values; surrounding material and target fields require external confirmation.","Power, angular coverage, and magnification are calculated from logged values; surrounding material and target fields require external confirmation.","Power, angular coverage, and magnification are calculated from logged values; surrounding material and target fields require external confirmation.","Power, angular coverage, and magnification are calculated from logged values; surrounding material and target fields require external confirmation.","Power, angular coverage, and magnification are calculated from logged values; surrounding material and target fields require external confirmation.","Power, angular coverage, and magnification are calculated from logged values; surrounding material and target fields require external confirmation.","Power, angular coverage, and magnification are calculated from logged values; surrounding material and target fields require external confirmation.","Power, angular coverage, and magnification are calculated from logged values; surrounding material and target fields require external confirmation.","Power, angular coverage, and magnification are calculated from logged values; surrounding material and target fields require external confirmation.","Power, angular coverage, and magnification are calculated from logged values; surrounding material and target fields require external confirmation.","Power, angular coverage, and magnification are calculated from logged values; surrounding material and target fields require external confirmation.","Power, angular coverage, and magnification are calculated from logged values; surrounding material and target fields require external confirmation.","Power, angular coverage, and magnification are calculated from logged values; surrounding material and target fields require external confirmation.","Power, angular coverage, and magnification are calculated from logged values; surrounding material and target fields require external confirmation.","Power, angular coverage, and magnification are calculated from logged values; surrounding material and target fields require external confirmation.","Power, angular coverage, and magnification are calculated from logged values; surrounding material and target fields require external confirmation.","Power, angular coverage, and magnification are calculated from logged values; surrounding material and target fields require external confirmation.","Power, angular coverage, and magnification are calculated from logged values; surrounding material and target fields require external confirmation.","Power, angular coverage, and magnification are calculated from logged values; surrounding material and target fields require external confirmation.","Power, angular coverage, and magnification are calculated from logged values; surrounding material and target fields require external confirmation.","Power, angular coverage, and magnification are calculated from logged values; surrounding material and target fields require external confirmation.","Power, angular coverage, and magnification are calculated from logged values; surrounding material and target fields require external confirmation."
