"Sample","Scanner Modality","Creator","Event date","Study Date and Time (log)","Software","Description","Description attachment file","Photographic reference file","Filter","Exposure time","Flux normalization","Pixel spacing calibration","Shading correction","Frame averaging","Projections","Voltage","Power","Amperage","Surrounding material","X-ray tube type","Target type","Detector type","Detector pixels X","Detector pixels size X","Detector pixels Y","Detector pixels size Y","Detector configuration","Source object distance","Source detector distance","Target material","Rotation number","Phase contrast","Optical magnification","Acquisition type","Log file","Notes"
"NMMB-M011879","X-Ray Computed Tomography (CT/microCT)","Kuan Yu Cho","2022/02/09","09 Feb 2022  09h:44m:55s","NRecon","SkyScan1276 microCT acquisition reconstructed with NRecon. Log reports 516 projections, 50 kV, 200 uA, 531 ms exposure, Al 0.5mm filter, and 10.076290 um image pixel size.","","","Al 0.5mm","531 ms","Reference Intensity=58000; Flat Field Correction=ON","Image Pixel Size=10.076290 um; Scaled Image Pixel Size=10.076290 um","Flat Field Correction=ON","ON (3)","516","50 kV","10 W (calculated from kV x mA)","200 uA","Not recorded in log","HAMAMATSU L10321; source spot size=Small","Not recorded in log","XIMEA MH110XC-KK-TP","2016","17.525 um","1344","17.525 um","Camera binning=2x2; Image format=TIFF; Depth=16 bits; Columns=2016; Rows=1344","45.568 mm","158.506 mm","Not recorded in log","Use 360 Rotation=NO; Rotation Step=0.400 deg; approx. 206.4 deg acquisition coverage","Not recorded in log","1.739x (calculated from detector pixel size / image pixel size)","STEP AND SHOOT; Scanning Trajectory=ROUND","G:\我的雲端硬碟\0.RPG_System_Center\Raw\0.Publish\1.Doridida spicule and phylogeny\MicroCT_data\voi\NMMB-M011879\NMMB-M011879.log","Power, angular coverage, and magnification are calculated from logged values; surrounding material and target fields require external confirmation."
"NMMB-M011880","X-Ray Computed Tomography (CT/microCT)","Kuan Yu Cho","2022/02/09","09 Feb 2022  10h:26m:23s","NRecon","SkyScan1276 microCT acquisition reconstructed with NRecon. Log reports 516 projections, 50 kV, 200 uA, 531 ms exposure, Al 0.5mm filter, and 8.076066 um image pixel size.","","","Al 0.5mm","531 ms","Reference Intensity=58000; Flat Field Correction=ON","Image Pixel Size=8.076066 um; Scaled Image Pixel Size=8.076066 um","Flat Field Correction=ON","ON (3)","516","50 kV","10 W (calculated from kV x mA)","200 uA","Not recorded in log","HAMAMATSU L10321; source spot size=Small","Not recorded in log","XIMEA MH110XC-KK-TP","2016","17.525 um","1344","17.525 um","Camera binning=2x2; Image format=TIFF; Depth=16 bits; Columns=2016; Rows=1344","36.522 mm","158.506 mm","Not recorded in log","Use 360 Rotation=NO; Rotation Step=0.400 deg; approx. 206.4 deg acquisition coverage","Not recorded in log","2.17x (calculated from detector pixel size / image pixel size)","STEP AND SHOOT; Scanning Trajectory=ROUND","G:\我的雲端硬碟\0.RPG_System_Center\Raw\0.Publish\1.Doridida spicule and phylogeny\MicroCT_data\voi\NMMB-M011880\NMMB-M011880.log","Power, angular coverage, and magnification are calculated from logged values; surrounding material and target fields require external confirmation."
"NMMB-M011881","X-Ray Computed Tomography (CT/microCT)","Kuan Yu Cho","2022/02/09","09 Feb 2022  12h:01m:32s","NRecon","SkyScan1276 microCT acquisition reconstructed with NRecon. Log reports 516 projections, 40 kV, 200 uA, 531 ms exposure, Al 0.5mm filter, and 10.076290 um image pixel size.","","","Al 0.5mm","531 ms","Reference Intensity=58000; Flat Field Correction=ON","Image Pixel Size=10.076290 um; Scaled Image Pixel Size=10.076290 um","Flat Field Correction=ON","ON (3)","516","40 kV","8 W (calculated from kV x mA)","200 uA","Not recorded in log","HAMAMATSU L10321; source spot size=Small","Not recorded in log","XIMEA MH110XC-KK-TP","2016","17.525 um","1344","17.525 um","Camera binning=2x2; Image format=TIFF; Depth=16 bits; Columns=2016; Rows=1344","45.568 mm","158.506 mm","Not recorded in log","Use 360 Rotation=NO; Rotation Step=0.400 deg; approx. 206.4 deg acquisition coverage","Not recorded in log","1.739x (calculated from detector pixel size / image pixel size)","STEP AND SHOOT; Scanning Trajectory=ROUND","G:\我的雲端硬碟\0.RPG_System_Center\Raw\0.Publish\1.Doridida spicule and phylogeny\MicroCT_data\voi\NMMB-M011881\NMMB-M011881.log","Power, angular coverage, and magnification are calculated from logged values; surrounding material and target fields require external confirmation."
"NMMB-M011882","X-Ray Computed Tomography (CT/microCT)","Kuan Yu Cho","2022/06/15","15 Jun 2022  15h:55m:48s","NRecon","SkyScan1276 microCT acquisition reconstructed with NRecon. Log reports 516 projections, 50 kV, 200 uA, 531 ms exposure, Al 0.5mm filter, and 13.076171 um image pixel size.","","","Al 0.5mm","531 ms","Reference Intensity=58000; Flat Field Correction=ON","Image Pixel Size=13.076171 um; Scaled Image Pixel Size=13.076171 um","Flat Field Correction=ON","ON (3)","516","50 kV","10 W (calculated from kV x mA)","200 uA","Not recorded in log","HAMAMATSU L10321; source spot size=Small","Not recorded in log","XIMEA MH110XC-KK-TP","2016","17.525 um","1344","17.525 um","Camera binning=2x2; Image format=TIFF; Depth=16 bits; Columns=2016; Rows=1344","59.134 mm","158.506 mm","Not recorded in log","Use 360 Rotation=NO; Rotation Step=0.400 deg; approx. 206.4 deg acquisition coverage","Not recorded in log","1.34x (calculated from detector pixel size / image pixel size)","STEP AND SHOOT; Scanning Trajectory=ROUND","G:\我的雲端硬碟\0.RPG_System_Center\Raw\0.Publish\1.Doridida spicule and phylogeny\MicroCT_data\voi\NMMB-M011882\NMMB-M011882.log","Power, angular coverage, and magnification are calculated from logged values; surrounding material and target fields require external confirmation."
"NMMB-M011883","X-Ray Computed Tomography (CT/microCT)","Kuan Yu Cho","2022/06/13","13 Jun 2022  13h:43m:21s","NRecon","SkyScan1276 microCT acquisition reconstructed with NRecon. Log reports 516 projections, 60 kV, 200 uA, 531 ms exposure, Al 0.5mm filter, and 13.076171 um image pixel size.","","","Al 0.5mm","531 ms","Reference Intensity=58000; Flat Field Correction=ON","Image Pixel Size=13.076171 um; Scaled Image Pixel Size=13.076171 um","Flat Field Correction=ON","ON (3)","516","60 kV","12 W (calculated from kV x mA)","200 uA","Not recorded in log","HAMAMATSU L10321; source spot size=Small","Not recorded in log","XIMEA MH110XC-KK-TP","2016","17.525 um","1344","17.525 um","Camera binning=2x2; Image format=TIFF; Depth=16 bits; Columns=2016; Rows=1344","59.134 mm","158.506 mm","Not recorded in log","Use 360 Rotation=NO; Rotation Step=0.400 deg; approx. 206.4 deg acquisition coverage","Not recorded in log","1.34x (calculated from detector pixel size / image pixel size)","STEP AND SHOOT; Scanning Trajectory=ROUND","G:\我的雲端硬碟\0.RPG_System_Center\Raw\0.Publish\1.Doridida spicule and phylogeny\MicroCT_data\voi\NMMB-M011883\NMMB-M011883.log","Power, angular coverage, and magnification are calculated from logged values; surrounding material and target fields require external confirmation."
"NMMB-M011885","X-Ray Computed Tomography (CT/microCT)","Kuan Yu Cho","2022/06/20","20 Jun 2022  12h:35m:03s","NRecon","SkyScan1276 microCT acquisition reconstructed with NRecon. Log reports 1029 projections, 50 kV, 200 uA, 453 ms exposure, Al 0.5mm filter, and 5.038145 um image pixel size.","","","Al 0.5mm","453 ms","Reference Intensity=58000; Flat Field Correction=ON","Image Pixel Size=5.038145 um; Scaled Image Pixel Size=5.038145 um","Flat Field Correction=ON","ON (2)","1029","50 kV","10 W (calculated from kV x mA)","200 uA","Not recorded in log","HAMAMATSU L10321; source spot size=Small","Not recorded in log","XIMEA MH110XC-KK-TP","4032","17.525 um","2688","17.525 um","Camera binning=1x1; Image format=TIFF; Depth=16 bits; Columns=4032; Rows=2688","45.568 mm","158.506 mm","Not recorded in log","Use 360 Rotation=NO; Rotation Step=0.200 deg; approx. 205.8 deg acquisition coverage","Not recorded in log","3.478x (calculated from detector pixel size / image pixel size)","STEP AND SHOOT; Scanning Trajectory=ROUND","G:\我的雲端硬碟\0.RPG_System_Center\Raw\0.Publish\1.Doridida spicule and phylogeny\MicroCT_data\voi\NMMB-M011885\NMMB-M011885.log","Power, angular coverage, and magnification are calculated from logged values; surrounding material and target fields require external confirmation."
"NMMB-M011886","X-Ray Computed Tomography (CT/microCT)","Kuan Yu Cho","2022/06/13","13 Jun 2022  11h:20m:35s","NRecon","SkyScan1276 microCT acquisition reconstructed with NRecon. Log reports 516 projections, 60 kV, 200 uA, 531 ms exposure, Al 0.5mm filter, and 13.076171 um image pixel size.","","","Al 0.5mm","531 ms","Reference Intensity=58000; Flat Field Correction=ON","Image Pixel Size=13.076171 um; Scaled Image Pixel Size=13.076171 um","Flat Field Correction=ON","ON (3)","516","60 kV","12 W (calculated from kV x mA)","200 uA","Not recorded in log","HAMAMATSU L10321; source spot size=Small","Not recorded in log","XIMEA MH110XC-KK-TP","2016","17.525 um","1344","17.525 um","Camera binning=2x2; Image format=TIFF; Depth=16 bits; Columns=2016; Rows=1344","59.134 mm","158.506 mm","Not recorded in log","Use 360 Rotation=NO; Rotation Step=0.400 deg; approx. 206.4 deg acquisition coverage","Not recorded in log","1.34x (calculated from detector pixel size / image pixel size)","STEP AND SHOOT; Scanning Trajectory=ROUND","G:\我的雲端硬碟\0.RPG_System_Center\Raw\0.Publish\1.Doridida spicule and phylogeny\MicroCT_data\voi\NMMB-M011886\NMMB-M011886.log","Power, angular coverage, and magnification are calculated from logged values; surrounding material and target fields require external confirmation."
"NMMB-M011887","X-Ray Computed Tomography (CT/microCT)","Kuan Yu Cho","2022/06/20","20 Jun 2022  13h:42m:11s","NRecon","SkyScan1276 microCT acquisition reconstructed with NRecon. Log reports 1029 projections, 50 kV, 200 uA, 453 ms exposure, Al 0.5mm filter, and 5.038145 um image pixel size.","","","Al 0.5mm","453 ms","Reference Intensity=58000; Flat Field Correction=ON","Image Pixel Size=5.038145 um; Scaled Image Pixel Size=5.038145 um","Flat Field Correction=ON","ON (2)","1029","50 kV","10 W (calculated from kV x mA)","200 uA","Not recorded in log","HAMAMATSU L10321; source spot size=Small","Not recorded in log","XIMEA MH110XC-KK-TP","4032","17.525 um","2688","17.525 um","Camera binning=1x1; Image format=TIFF; Depth=16 bits; Columns=4032; Rows=2688","45.568 mm","158.506 mm","Not recorded in log","Use 360 Rotation=NO; Rotation Step=0.200 deg; approx. 205.8 deg acquisition coverage","Not recorded in log","3.478x (calculated from detector pixel size / image pixel size)","STEP AND SHOOT; Scanning Trajectory=ROUND","G:\我的雲端硬碟\0.RPG_System_Center\Raw\0.Publish\1.Doridida spicule and phylogeny\MicroCT_data\voi\NMMB-M011887\NMMB-M011887.log","Power, angular coverage, and magnification are calculated from logged values; surrounding material and target fields require external confirmation."
"NMMB-M011888","X-Ray Computed Tomography (CT/microCT)","Kuan Yu Cho","2022/06/14","14 Jun 2022  13h:56m:03s","NRecon","SkyScan1276 microCT acquisition reconstructed with NRecon. Log reports 516 projections, 50 kV, 200 uA, 531 ms exposure, Al 0.5mm filter, and 13.076171 um image pixel size.","","","Al 0.5mm","531 ms","Reference Intensity=58000; Flat Field Correction=ON","Image Pixel Size=13.076171 um; Scaled Image Pixel Size=13.076171 um","Flat Field Correction=ON","ON (2)","516","50 kV","10 W (calculated from kV x mA)","200 uA","Not recorded in log","HAMAMATSU L10321; source spot size=Small","Not recorded in log","XIMEA MH110XC-KK-TP","2016","17.525 um","1344","17.525 um","Camera binning=2x2; Image format=TIFF; Depth=16 bits; Columns=2016; Rows=1344","59.134 mm","158.506 mm","Not recorded in log","Use 360 Rotation=NO; Rotation Step=0.400 deg; approx. 206.4 deg acquisition coverage","Not recorded in log","1.34x (calculated from detector pixel size / image pixel size)","STEP AND SHOOT; Scanning Trajectory=ROUND","G:\我的雲端硬碟\0.RPG_System_Center\Raw\0.Publish\1.Doridida spicule and phylogeny\MicroCT_data\voi\NMMB-M011888\NMMB-M011888.log","Power, angular coverage, and magnification are calculated from logged values; surrounding material and target fields require external confirmation."
"NMMB-M011889","X-Ray Computed Tomography (CT/microCT)","Kuan Yu Cho","2022/06/20","20 Jun 2022  11h:28m:01s","NRecon","SkyScan1276 microCT acquisition reconstructed with NRecon. Log reports 1029 projections, 50 kV, 200 uA, 453 ms exposure, Al 0.5mm filter, and 5.038145 um image pixel size.","","","Al 0.5mm","453 ms","Reference Intensity=58000; Flat Field Correction=ON","Image Pixel Size=5.038145 um; Scaled Image Pixel Size=5.038145 um","Flat Field Correction=ON","ON (2)","1029","50 kV","10 W (calculated from kV x mA)","200 uA","Not recorded in log","HAMAMATSU L10321; source spot size=Small","Not recorded in log","XIMEA MH110XC-KK-TP","4032","17.525 um","2688","17.525 um","Camera binning=1x1; Image format=TIFF; Depth=16 bits; Columns=4032; Rows=2688","45.568 mm","158.506 mm","Not recorded in log","Use 360 Rotation=NO; Rotation Step=0.200 deg; approx. 205.8 deg acquisition coverage","Not recorded in log","3.478x (calculated from detector pixel size / image pixel size)","STEP AND SHOOT; Scanning Trajectory=ROUND","G:\我的雲端硬碟\0.RPG_System_Center\Raw\0.Publish\1.Doridida spicule and phylogeny\MicroCT_data\voi\NMMB-M011889\NMMB-M0118.log","Power, angular coverage, and magnification are calculated from logged values; surrounding material and target fields require external confirmation."
"NMMB-M011891","X-Ray Computed Tomography (CT/microCT)","Kuan Yu Cho","2022/06/14","14 Jun 2022  14h:57m:22s","NRecon","SkyScan1276 microCT acquisition reconstructed with NRecon. Log reports 516 projections, 50 kV, 200 uA, 531 ms exposure, Al 0.5mm filter, and 10.076290 um image pixel size.","","","Al 0.5mm","531 ms","Reference Intensity=58000; Flat Field Correction=ON","Image Pixel Size=10.076290 um; Scaled Image Pixel Size=10.076290 um","Flat Field Correction=ON","ON (2)","516","50 kV","10 W (calculated from kV x mA)","200 uA","Not recorded in log","HAMAMATSU L10321; source spot size=Small","Not recorded in log","XIMEA MH110XC-KK-TP","2016","17.525 um","1344","17.525 um","Camera binning=2x2; Image format=TIFF; Depth=16 bits; Columns=2016; Rows=1344","45.568 mm","158.506 mm","Not recorded in log","Use 360 Rotation=NO; Rotation Step=0.400 deg; approx. 206.4 deg acquisition coverage","Not recorded in log","1.739x (calculated from detector pixel size / image pixel size)","STEP AND SHOOT; Scanning Trajectory=ROUND","G:\我的雲端硬碟\0.RPG_System_Center\Raw\0.Publish\1.Doridida spicule and phylogeny\MicroCT_data\voi\NMMB-M011891\NMMB-M011891.log","Power, angular coverage, and magnification are calculated from logged values; surrounding material and target fields require external confirmation."
"NMMB-M011892","X-Ray Computed Tomography (CT/microCT)","Kuan Yu Cho","2022/06/15","15 Jun 2022  14h:41m:54s","NRecon","SkyScan1276 microCT acquisition reconstructed with NRecon. Log reports 516 projections, 50 kV, 200 uA, 531 ms exposure, Al 0.5mm filter, and 11.075948 um image pixel size.","","","Al 0.5mm","531 ms","Reference Intensity=58000; Flat Field Correction=ON","Image Pixel Size=11.075948 um; Scaled Image Pixel Size=11.075948 um","Flat Field Correction=ON","ON (3)","516","50 kV","10 W (calculated from kV x mA)","200 uA","Not recorded in log","HAMAMATSU L10321; source spot size=Small","Not recorded in log","XIMEA MH110XC-KK-TP","2016","17.525 um","1344","17.525 um","Camera binning=2x2; Image format=TIFF; Depth=16 bits; Columns=2016; Rows=1344","50.088 mm","158.506 mm","Not recorded in log","Use 360 Rotation=NO; Rotation Step=0.400 deg; approx. 206.4 deg acquisition coverage","Not recorded in log","1.582x (calculated from detector pixel size / image pixel size)","STEP AND SHOOT; Scanning Trajectory=ROUND","G:\我的雲端硬碟\0.RPG_System_Center\Raw\0.Publish\1.Doridida spicule and phylogeny\MicroCT_data\voi\NMMB-M011892\NMMB-M011892.log","Power, angular coverage, and magnification are calculated from logged values; surrounding material and target fields require external confirmation."
"NMMB-M011893","X-Ray Computed Tomography (CT/microCT)","Kuan Yu Cho","2022/06/13","13 Jun 2022  15h:21m:30s","NRecon","SkyScan1276 microCT acquisition reconstructed with NRecon. Log reports 516 projections, 60 kV, 200 uA, 531 ms exposure, Al 0.5mm filter, and 13.076171 um image pixel size.","","","Al 0.5mm","531 ms","Reference Intensity=58000; Flat Field Correction=ON","Image Pixel Size=13.076171 um; Scaled Image Pixel Size=13.076171 um","Flat Field Correction=ON","ON (3)","516","60 kV","12 W (calculated from kV x mA)","200 uA","Not recorded in log","HAMAMATSU L10321; source spot size=Small","Not recorded in log","XIMEA MH110XC-KK-TP","2016","17.525 um","1344","17.525 um","Camera binning=2x2; Image format=TIFF; Depth=16 bits; Columns=2016; Rows=1344","59.134 mm","158.506 mm","Not recorded in log","Use 360 Rotation=NO; Rotation Step=0.400 deg; approx. 206.4 deg acquisition coverage","Not recorded in log","1.34x (calculated from detector pixel size / image pixel size)","STEP AND SHOOT; Scanning Trajectory=ROUND","G:\我的雲端硬碟\0.RPG_System_Center\Raw\0.Publish\1.Doridida spicule and phylogeny\MicroCT_data\voi\NMMB-M011893\NMMB-M011893.log","Power, angular coverage, and magnification are calculated from logged values; surrounding material and target fields require external confirmation."
"NMMB-M011894","X-Ray Computed Tomography (CT/microCT)","Kuan Yu Cho","2022/06/14","14 Jun 2022  15h:52m:28s","NRecon","SkyScan1276 microCT acquisition reconstructed with NRecon. Log reports 516 projections, 50 kV, 200 uA, 531 ms exposure, Al 0.5mm filter, and 10.076290 um image pixel size.","","","Al 0.5mm","531 ms","Reference Intensity=58000; Flat Field Correction=ON","Image Pixel Size=10.076290 um; Scaled Image Pixel Size=10.076290 um","Flat Field Correction=ON","ON (2)","516","50 kV","10 W (calculated from kV x mA)","200 uA","Not recorded in log","HAMAMATSU L10321; source spot size=Small","Not recorded in log","XIMEA MH110XC-KK-TP","2016","17.525 um","1344","17.525 um","Camera binning=2x2; Image format=TIFF; Depth=16 bits; Columns=2016; Rows=1344","45.568 mm","158.506 mm","Not recorded in log","Use 360 Rotation=NO; Rotation Step=0.400 deg; approx. 206.4 deg acquisition coverage","Not recorded in log","1.739x (calculated from detector pixel size / image pixel size)","STEP AND SHOOT; Scanning Trajectory=ROUND","G:\我的雲端硬碟\0.RPG_System_Center\Raw\0.Publish\1.Doridida spicule and phylogeny\MicroCT_data\voi\NMMB-M011894\NMMB-M011894.log","Power, angular coverage, and magnification are calculated from logged values; surrounding material and target fields require external confirmation."
"NMMB-M011895","X-Ray Computed Tomography (CT/microCT)","Kuan Yu Cho","2022/11/28","28 Nov 2022  10h:16m:04s","NRecon","SkyScan1276 microCT acquisition reconstructed with NRecon. Log reports 516 projections, 50 kV, 200 uA, 550 ms exposure, Al 0.5mm filter, and 20.524122 um image pixel size.","","","Al 0.5mm","550 ms","Reference Intensity=58000; Flat Field Correction=ON","Image Pixel Size=20.524122 um; Scaled Image Pixel Size=20.524122 um","Flat Field Correction=ON; Heel Effect Correction On=0","ON (3)","516","50 kV","10 W (calculated from kV x mA)","200 uA","Not recorded in log","HAMAMATSU L10321; source spot size=Small","Not recorded in log","XIMEA MH110XC-KK-TP","2016","17.525 um","1344","17.525 um","Camera binning=2x2; Image format=TIFF; Depth=16 bits; Columns=2016; Rows=1344","92.816 mm","158.506 mm","Not recorded in log","Use 360 Rotation=NO; Rotation Step=0.400 deg; approx. 206.4 deg acquisition coverage","Not recorded in log","0.854x (calculated from detector pixel size / image pixel size)","STEP AND SHOOT; Scanning Trajectory=ROUND","G:\我的雲端硬碟\0.RPG_System_Center\Raw\0.Publish\1.Doridida spicule and phylogeny\MicroCT_data\voi\NMMB-M011895\NMMB-M011895.log","Power, angular coverage, and magnification are calculated from logged values; surrounding material and target fields require external confirmation."
"NMMB-M011896","X-Ray Computed Tomography (CT/microCT)","Kuan Yu Cho","2022/11/24","24 Nov 2022  10h:47m:21s","NRecon","SkyScan1276 microCT acquisition reconstructed with NRecon. Log reports 516 projections, 50 kV, 200 uA, 550 ms exposure, Al 0.5mm filter, and 10.076290 um image pixel size.","","","Al 0.5mm","550 ms","Reference Intensity=58000; Flat Field Correction=ON","Image Pixel Size=10.076290 um; Scaled Image Pixel Size=10.076290 um","Flat Field Correction=ON; Heel Effect Correction On=0","ON (3)","516","50 kV","10 W (calculated from kV x mA)","200 uA","Not recorded in log","HAMAMATSU L10321; source spot size=Small","Not recorded in log","XIMEA MH110XC-KK-TP","2016","17.525 um","1344","17.525 um","Camera binning=2x2; Image format=TIFF; Depth=16 bits; Columns=2016; Rows=1344","45.568 mm","158.506 mm","Not recorded in log","Use 360 Rotation=NO; Rotation Step=0.400 deg; approx. 206.4 deg acquisition coverage","Not recorded in log","1.739x (calculated from detector pixel size / image pixel size)","STEP AND SHOOT; Scanning Trajectory=ROUND","G:\我的雲端硬碟\0.RPG_System_Center\Raw\0.Publish\1.Doridida spicule and phylogeny\MicroCT_data\voi\NMMB-M011896\NMMB-M011896.log","Power, angular coverage, and magnification are calculated from logged values; surrounding material and target fields require external confirmation."
"NMMB-M011897","X-Ray Computed Tomography (CT/microCT)","Kuan Yu Cho","2022/11/24","24 Nov 2022  12h:32m:52s","NRecon","SkyScan1276 microCT acquisition reconstructed with NRecon. Log reports 516 projections, 50 kV, 200 uA, 550 ms exposure, Al 0.5mm filter, and 10.076290 um image pixel size.","","","Al 0.5mm","550 ms","Reference Intensity=58000; Flat Field Correction=ON","Image Pixel Size=10.076290 um; Scaled Image Pixel Size=10.076290 um","Flat Field Correction=ON; Heel Effect Correction On=0","ON (3)","516","50 kV","10 W (calculated from kV x mA)","200 uA","Not recorded in log","HAMAMATSU L10321; source spot size=Small","Not recorded in log","XIMEA MH110XC-KK-TP","2016","17.525 um","1344","17.525 um","Camera binning=2x2; Image format=TIFF; Depth=16 bits; Columns=2016; Rows=1344","45.568 mm","158.506 mm","Not recorded in log","Use 360 Rotation=NO; Rotation Step=0.400 deg; approx. 206.4 deg acquisition coverage","Not recorded in log","1.739x (calculated from detector pixel size / image pixel size)","STEP AND SHOOT; Scanning Trajectory=ROUND","G:\我的雲端硬碟\0.RPG_System_Center\Raw\0.Publish\1.Doridida spicule and phylogeny\MicroCT_data\voi\NMMB-M011897\NMMB-M011897.log","Power, angular coverage, and magnification are calculated from logged values; surrounding material and target fields require external confirmation."
"NMMB-M011898","X-Ray Computed Tomography (CT/microCT)","Kuan Yu Cho","2022/11/24","24 Nov 2022  14h:56m:56s","NRecon","SkyScan1276 microCT acquisition reconstructed with NRecon. Log reports 516 projections, 50 kV, 200 uA, 550 ms exposure, Al 0.5mm filter, and 13.076171 um image pixel size.","","","Al 0.5mm","550 ms","Reference Intensity=58000; Flat Field Correction=ON","Image Pixel Size=13.076171 um; Scaled Image Pixel Size=13.076171 um","Flat Field Correction=ON; Heel Effect Correction On=0","ON (3)","516","50 kV","10 W (calculated from kV x mA)","200 uA","Not recorded in log","HAMAMATSU L10321; source spot size=Small","Not recorded in log","XIMEA MH110XC-KK-TP","2016","17.525 um","1344","17.525 um","Camera binning=2x2; Image format=TIFF; Depth=16 bits; Columns=2016; Rows=1344","59.134 mm","158.506 mm","Not recorded in log","Use 360 Rotation=NO; Rotation Step=0.400 deg; approx. 206.4 deg acquisition coverage","Not recorded in log","1.34x (calculated from detector pixel size / image pixel size)","STEP AND SHOOT; Scanning Trajectory=ROUND","G:\我的雲端硬碟\0.RPG_System_Center\Raw\0.Publish\1.Doridida spicule and phylogeny\MicroCT_data\voi\NMMB-M011898\NMMB-M011898.log","Power, angular coverage, and magnification are calculated from logged values; surrounding material and target fields require external confirmation."
"NMMB-M011899","X-Ray Computed Tomography (CT/microCT)","Kuan Yu Cho","2022/11/24","24 Nov 2022  14h:30m:38s","NRecon","SkyScan1276 microCT acquisition reconstructed with NRecon. Log reports 516 projections, 50 kV, 200 uA, 550 ms exposure, Al 0.5mm filter, and 10.076290 um image pixel size.","","","Al 0.5mm","550 ms","Reference Intensity=58000; Flat Field Correction=ON","Image Pixel Size=10.076290 um; Scaled Image Pixel Size=10.076290 um","Flat Field Correction=ON; Heel Effect Correction On=0","ON (3)","516","50 kV","10 W (calculated from kV x mA)","200 uA","Not recorded in log","HAMAMATSU L10321; source spot size=Small","Not recorded in log","XIMEA MH110XC-KK-TP","2016","17.525 um","1344","17.525 um","Camera binning=2x2; Image format=TIFF; Depth=16 bits; Columns=2016; Rows=1344","45.568 mm","158.506 mm","Not recorded in log","Use 360 Rotation=NO; Rotation Step=0.400 deg; approx. 206.4 deg acquisition coverage","Not recorded in log","1.739x (calculated from detector pixel size / image pixel size)","STEP AND SHOOT; Scanning Trajectory=ROUND","G:\我的雲端硬碟\0.RPG_System_Center\Raw\0.Publish\1.Doridida spicule and phylogeny\MicroCT_data\voi\NMMB-M011899\NMMB-M011899.log","Power, angular coverage, and magnification are calculated from logged values; surrounding material and target fields require external confirmation."
"NMMB-M011900","X-Ray Computed Tomography (CT/microCT)","Kuan Yu Cho","2022/11/25","25 Nov 2022  11h:28m:55s","NRecon","SkyScan1276 microCT acquisition reconstructed with NRecon. Log reports 1029 projections, 50 kV, 200 uA, 850 ms exposure, Al 0.5mm filter, and 5.038145 um image pixel size.","","","Al 0.5mm","850 ms","Reference Intensity=58000; Flat Field Correction=ON","Image Pixel Size=5.038145 um; Scaled Image Pixel Size=5.038145 um","Flat Field Correction=ON; Heel Effect Correction On=0","ON (3)","1029","50 kV","10 W (calculated from kV x mA)","200 uA","Not recorded in log","HAMAMATSU L10321; source spot size=Small","Not recorded in log","XIMEA MH110XC-KK-TP","4032","17.525 um","2688","17.525 um","Camera binning=1x1; Image format=TIFF; Depth=16 bits; Columns=4032; Rows=2688","45.568 mm","158.506 mm","Not recorded in log","Use 360 Rotation=NO; Rotation Step=0.200 deg; approx. 205.8 deg acquisition coverage","Not recorded in log","3.478x (calculated from detector pixel size / image pixel size)","STEP AND SHOOT; Scanning Trajectory=ROUND","G:\我的雲端硬碟\0.RPG_System_Center\Raw\0.Publish\1.Doridida spicule and phylogeny\MicroCT_data\voi\NMMB-M011900\NMMB-M011900.log","Power, angular coverage, and magnification are calculated from logged values; surrounding material and target fields require external confirmation."
"NMMB-M011901","X-Ray Computed Tomography (CT/microCT)","Kuan Yu Cho","2022/11/24","24 Nov 2022  12h:13m:39s","NRecon","SkyScan1276 microCT acquisition reconstructed with NRecon. Log reports 516 projections, 50 kV, 200 uA, 550 ms exposure, Al 0.5mm filter, and 10.076290 um image pixel size.","","","Al 0.5mm","550 ms","Reference Intensity=58000; Flat Field Correction=ON","Image Pixel Size=10.076290 um; Scaled Image Pixel Size=10.076290 um","Flat Field Correction=ON; Heel Effect Correction On=0","ON (3)","516","50 kV","10 W (calculated from kV x mA)","200 uA","Not recorded in log","HAMAMATSU L10321; source spot size=Small","Not recorded in log","XIMEA MH110XC-KK-TP","2016","17.525 um","1344","17.525 um","Camera binning=2x2; Image format=TIFF; Depth=16 bits; Columns=2016; Rows=1344","45.568 mm","158.506 mm","Not recorded in log","Use 360 Rotation=NO; Rotation Step=0.400 deg; approx. 206.4 deg acquisition coverage","Not recorded in log","1.739x (calculated from detector pixel size / image pixel size)","STEP AND SHOOT; Scanning Trajectory=ROUND","G:\我的雲端硬碟\0.RPG_System_Center\Raw\0.Publish\1.Doridida spicule and phylogeny\MicroCT_data\voi\NMMB-M011901\NMMB-M011901.log","Power, angular coverage, and magnification are calculated from logged values; surrounding material and target fields require external confirmation."
"NMMB-M011902","X-Ray Computed Tomography (CT/microCT)","Kuan Yu Cho","2022/11/24","24 Nov 2022  10h:08m:56s","NRecon","SkyScan1276 microCT acquisition reconstructed with NRecon. Log reports 516 projections, 50 kV, 200 uA, 550 ms exposure, Al 0.5mm filter, and 10.076290 um image pixel size.","","","Al 0.5mm","550 ms","Reference Intensity=58000; Flat Field Correction=ON","Image Pixel Size=10.076290 um; Scaled Image Pixel Size=10.076290 um","Flat Field Correction=ON; Heel Effect Correction On=0","ON (3)","516","50 kV","10 W (calculated from kV x mA)","200 uA","Not recorded in log","HAMAMATSU L10321; source spot size=Small","Not recorded in log","XIMEA MH110XC-KK-TP","2016","17.525 um","1344","17.525 um","Camera binning=2x2; Image format=TIFF; Depth=16 bits; Columns=2016; Rows=1344","45.568 mm","158.506 mm","Not recorded in log","Use 360 Rotation=NO; Rotation Step=0.400 deg; approx. 206.4 deg acquisition coverage","Not recorded in log","1.739x (calculated from detector pixel size / image pixel size)","STEP AND SHOOT; Scanning Trajectory=ROUND","G:\我的雲端硬碟\0.RPG_System_Center\Raw\0.Publish\1.Doridida spicule and phylogeny\MicroCT_data\voi\NMMB-M011902\NMMB-M011902.log","Power, angular coverage, and magnification are calculated from logged values; surrounding material and target fields require external confirmation."
"NMMB-M011903","X-Ray Computed Tomography (CT/microCT)","Kuan Yu Cho","2022/11/25","25 Nov 2022  09h:16m:40s","NRecon","SkyScan1276 microCT acquisition reconstructed with NRecon. Log reports 1029 projections, 50 kV, 200 uA, 850 ms exposure, Al 0.5mm filter, and 5.038145 um image pixel size.","","","Al 0.5mm","850 ms","Reference Intensity=58000; Flat Field Correction=ON","Image Pixel Size=5.038145 um; Scaled Image Pixel Size=5.038145 um","Flat Field Correction=ON; Heel Effect Correction On=0","ON (3)","1029","50 kV","10 W (calculated from kV x mA)","200 uA","Not recorded in log","HAMAMATSU L10321; source spot size=Small","Not recorded in log","XIMEA MH110XC-KK-TP","4032","17.525 um","2688","17.525 um","Camera binning=1x1; Image format=TIFF; Depth=16 bits; Columns=4032; Rows=2688","45.568 mm","158.506 mm","Not recorded in log","Use 360 Rotation=NO; Rotation Step=0.200 deg; approx. 205.8 deg acquisition coverage","Not recorded in log","3.478x (calculated from detector pixel size / image pixel size)","STEP AND SHOOT; Scanning Trajectory=ROUND","G:\我的雲端硬碟\0.RPG_System_Center\Raw\0.Publish\1.Doridida spicule and phylogeny\MicroCT_data\voi\NMMB-M011903\NMMB-M011903.log","Power, angular coverage, and magnification are calculated from logged values; surrounding material and target fields require external confirmation."
"NMMB-M011904","X-Ray Computed Tomography (CT/microCT)","Kuan Yu Cho","2022/11/24","24 Nov 2022  11h:25m:45s","NRecon","SkyScan1276 microCT acquisition reconstructed with NRecon. Log reports 516 projections, 50 kV, 200 uA, 550 ms exposure, Al 0.5mm filter, and 10.076290 um image pixel size.","","","Al 0.5mm","550 ms","Reference Intensity=58000; Flat Field Correction=ON","Image Pixel Size=10.076290 um; Scaled Image Pixel Size=10.076290 um","Flat Field Correction=ON; Heel Effect Correction On=0","ON (3)","516","50 kV","10 W (calculated from kV x mA)","200 uA","Not recorded in log","HAMAMATSU L10321; source spot size=Small","Not recorded in log","XIMEA MH110XC-KK-TP","2016","17.525 um","1344","17.525 um","Camera binning=2x2; Image format=TIFF; Depth=16 bits; Columns=2016; Rows=1344","45.568 mm","158.506 mm","Not recorded in log","Use 360 Rotation=NO; Rotation Step=0.400 deg; approx. 206.4 deg acquisition coverage","Not recorded in log","1.739x (calculated from detector pixel size / image pixel size)","STEP AND SHOOT; Scanning Trajectory=ROUND","G:\我的雲端硬碟\0.RPG_System_Center\Raw\0.Publish\1.Doridida spicule and phylogeny\MicroCT_data\voi\NMMB-M011904\NMMB-M011904.log","Power, angular coverage, and magnification are calculated from logged values; surrounding material and target fields require external confirmation."
"NMMB-M011905","X-Ray Computed Tomography (CT/microCT)","Kuan Yu Cho","2022/11/25","25 Nov 2022  10h:00m:45s","NRecon","SkyScan1276 microCT acquisition reconstructed with NRecon. Log reports 1029 projections, 50 kV, 200 uA, 850 ms exposure, Al 0.5mm filter, and 5.038145 um image pixel size.","","","Al 0.5mm","850 ms","Reference Intensity=58000; Flat Field Correction=ON","Image Pixel Size=5.038145 um; Scaled Image Pixel Size=5.038145 um","Flat Field Correction=ON; Heel Effect Correction On=0","ON (3)","1029","50 kV","10 W (calculated from kV x mA)","200 uA","Not recorded in log","HAMAMATSU L10321; source spot size=Small","Not recorded in log","XIMEA MH110XC-KK-TP","4032","17.525 um","2688","17.525 um","Camera binning=1x1; Image format=TIFF; Depth=16 bits; Columns=4032; Rows=2688","45.568 mm","158.506 mm","Not recorded in log","Use 360 Rotation=NO; Rotation Step=0.200 deg; approx. 205.8 deg acquisition coverage","Not recorded in log","3.478x (calculated from detector pixel size / image pixel size)","STEP AND SHOOT; Scanning Trajectory=ROUND","G:\我的雲端硬碟\0.RPG_System_Center\Raw\0.Publish\1.Doridida spicule and phylogeny\MicroCT_data\voi\NMMB-M011905\NMMB-M011905.log","Power, angular coverage, and magnification are calculated from logged values; surrounding material and target fields require external confirmation."
"NMMB-M011906","X-Ray Computed Tomography (CT/microCT)","Kuan Yu Cho","2022/11/25","25 Nov 2022  10h:44m:51s","NRecon","SkyScan1276 microCT acquisition reconstructed with NRecon. Log reports 1029 projections, 50 kV, 200 uA, 850 ms exposure, Al 0.5mm filter, and 5.038145 um image pixel size.","","","Al 0.5mm","850 ms","Reference Intensity=58000; Flat Field Correction=ON","Image Pixel Size=5.038145 um; Scaled Image Pixel Size=5.038145 um","Flat Field Correction=ON; Heel Effect Correction On=0","ON (3)","1029","50 kV","10 W (calculated from kV x mA)","200 uA","Not recorded in log","HAMAMATSU L10321; source spot size=Small","Not recorded in log","XIMEA MH110XC-KK-TP","4032","17.525 um","2688","17.525 um","Camera binning=1x1; Image format=TIFF; Depth=16 bits; Columns=4032; Rows=2688","45.568 mm","158.506 mm","Not recorded in log","Use 360 Rotation=NO; Rotation Step=0.200 deg; approx. 205.8 deg acquisition coverage","Not recorded in log","3.478x (calculated from detector pixel size / image pixel size)","STEP AND SHOOT; Scanning Trajectory=ROUND","G:\我的雲端硬碟\0.RPG_System_Center\Raw\0.Publish\1.Doridida spicule and phylogeny\MicroCT_data\voi\NMMB-M011906\NMMB-M011906.log","Power, angular coverage, and magnification are calculated from logged values; surrounding material and target fields require external confirmation."
"NMMB-M011907","X-Ray Computed Tomography (CT/microCT)","Kuan Yu Cho","2022/11/28","28 Nov 2022  09h:55m:55s","NRecon","SkyScan1276 microCT acquisition reconstructed with NRecon. Log reports 516 projections, 50 kV, 200 uA, 550 ms exposure, Al 0.5mm filter, and 12.076514 um image pixel size.","","","Al 0.5mm","550 ms","Reference Intensity=58000; Flat Field Correction=ON","Image Pixel Size=12.076514 um; Scaled Image Pixel Size=12.076514 um","Flat Field Correction=ON; Heel Effect Correction On=0","ON (3)","516","50 kV","10 W (calculated from kV x mA)","200 uA","Not recorded in log","HAMAMATSU L10321; source spot size=Small","Not recorded in log","XIMEA MH110XC-KK-TP","2016","17.525 um","1344","17.525 um","Camera binning=2x2; Image format=TIFF; Depth=16 bits; Columns=2016; Rows=1344","54.613 mm","158.506 mm","Not recorded in log","Use 360 Rotation=NO; Rotation Step=0.400 deg; approx. 206.4 deg acquisition coverage","Not recorded in log","1.451x (calculated from detector pixel size / image pixel size)","STEP AND SHOOT; Scanning Trajectory=ROUND","G:\我的雲端硬碟\0.RPG_System_Center\Raw\0.Publish\1.Doridida spicule and phylogeny\MicroCT_data\voi\NMMB-M011907\NMMB-M011907.log","Power, angular coverage, and magnification are calculated from logged values; surrounding material and target fields require external confirmation."
"NMMB-M011908","X-Ray Computed Tomography (CT/microCT)","Kuan Yu Cho","2022/11/23","23 Nov 2022  15h:28m:19s","NRecon","SkyScan1276 microCT acquisition reconstructed with NRecon. Log reports 516 projections, 50 kV, 200 uA, 550 ms exposure, Al 0.5mm filter, and 13.076171 um image pixel size.","","","Al 0.5mm","550 ms","Reference Intensity=58000; Flat Field Correction=ON","Image Pixel Size=13.076171 um; Scaled Image Pixel Size=13.076171 um","Flat Field Correction=ON; Heel Effect Correction On=0","ON (3)","516","50 kV","10 W (calculated from kV x mA)","200 uA","Not recorded in log","HAMAMATSU L10321; source spot size=Small","Not recorded in log","XIMEA MH110XC-KK-TP","2016","17.525 um","1344","17.525 um","Camera binning=2x2; Image format=TIFF; Depth=16 bits; Columns=2016; Rows=1344","59.134 mm","158.506 mm","Not recorded in log","Use 360 Rotation=NO; Rotation Step=0.400 deg; approx. 206.4 deg acquisition coverage","Not recorded in log","1.34x (calculated from detector pixel size / image pixel size)","STEP AND SHOOT; Scanning Trajectory=ROUND","G:\我的雲端硬碟\0.RPG_System_Center\Raw\0.Publish\1.Doridida spicule and phylogeny\MicroCT_data\voi\NMMB-M011908\NMMB-M011908.log","Power, angular coverage, and magnification are calculated from logged values; surrounding material and target fields require external confirmation."
"NMMB-M011909","X-Ray Computed Tomography (CT/microCT)","Kuan Yu Cho","2022/11/24","24 Nov 2022  11h:54m:25s","NRecon","SkyScan1276 microCT acquisition reconstructed with NRecon. Log reports 516 projections, 50 kV, 200 uA, 550 ms exposure, Al 0.5mm filter, and 10.076290 um image pixel size.","","","Al 0.5mm","550 ms","Reference Intensity=58000; Flat Field Correction=ON","Image Pixel Size=10.076290 um; Scaled Image Pixel Size=10.076290 um","Flat Field Correction=ON; Heel Effect Correction On=0","ON (3)","516","50 kV","10 W (calculated from kV x mA)","200 uA","Not recorded in log","HAMAMATSU L10321; source spot size=Small","Not recorded in log","XIMEA MH110XC-KK-TP","2016","17.525 um","1344","17.525 um","Camera binning=2x2; Image format=TIFF; Depth=16 bits; Columns=2016; Rows=1344","45.568 mm","158.506 mm","Not recorded in log","Use 360 Rotation=NO; Rotation Step=0.400 deg; approx. 206.4 deg acquisition coverage","Not recorded in log","1.739x (calculated from detector pixel size / image pixel size)","STEP AND SHOOT; Scanning Trajectory=ROUND","G:\我的雲端硬碟\0.RPG_System_Center\Raw\0.Publish\1.Doridida spicule and phylogeny\MicroCT_data\voi\NMMB-M011909\NMMB-M011909.log","Power, angular coverage, and magnification are calculated from logged values; surrounding material and target fields require external confirmation."
"NMMB-M011910","X-Ray Computed Tomography (CT/microCT)","Kuan Yu Cho","2023/03/25","25 Mar 2023  10h:20m:44s","NRecon","SkyScan1276 microCT acquisition reconstructed with NRecon. Log reports 516 projections, 50 kV, 200 uA, 550 ms exposure, Al 0.5mm filter, and 15.076395 um image pixel size.","","","Al 0.5mm","550 ms","Reference Intensity=58000; Flat Field Correction=ON","Image Pixel Size=15.076395 um; Scaled Image Pixel Size=15.076395 um","Flat Field Correction=ON; Heel Effect Correction On=0","ON (3)","516","50 kV","10 W (calculated from kV x mA)","200 uA","Not recorded in log","HAMAMATSU L10321; source spot size=Small","Not recorded in log","XIMEA MH110XC-KK-TP","2016","17.525 um","1344","17.525 um","Camera binning=2x2; Image format=TIFF; Depth=16 bits; Columns=2016; Rows=1344","68.180 mm","158.506 mm","Not recorded in log","Use 360 Rotation=NO; Rotation Step=0.400 deg; approx. 206.4 deg acquisition coverage","Not recorded in log","1.162x (calculated from detector pixel size / image pixel size)","STEP AND SHOOT; Scanning Trajectory=ROUND","G:\我的雲端硬碟\0.RPG_System_Center\Raw\0.Publish\1.Doridida spicule and phylogeny\MicroCT_data\voi\NMMB-M011910\NMMB-M011910.log","Power, angular coverage, and magnification are calculated from logged values; surrounding material and target fields require external confirmation."
"NMMB-M011911","X-Ray Computed Tomography (CT/microCT)","Kuan Yu Cho","2023/03/25","25 Mar 2023  09h:43m:01s","NRecon","SkyScan1276 microCT acquisition reconstructed with NRecon. Log reports 516 projections, 50 kV, 200 uA, 550 ms exposure, Al 0.5mm filter, and 15.076395 um image pixel size.","","","Al 0.5mm","550 ms","Reference Intensity=58000; Flat Field Correction=ON","Image Pixel Size=15.076395 um; Scaled Image Pixel Size=15.076395 um","Flat Field Correction=ON; Heel Effect Correction On=0","ON (3)","516","50 kV","10 W (calculated from kV x mA)","200 uA","Not recorded in log","HAMAMATSU L10321; source spot size=Small","Not recorded in log","XIMEA MH110XC-KK-TP","2016","17.525 um","1344","17.525 um","Camera binning=2x2; Image format=TIFF; Depth=16 bits; Columns=2016; Rows=1344","68.180 mm","158.506 mm","Not recorded in log","Use 360 Rotation=NO; Rotation Step=0.400 deg; approx. 206.4 deg acquisition coverage","Not recorded in log","1.162x (calculated from detector pixel size / image pixel size)","STEP AND SHOOT; Scanning Trajectory=ROUND","G:\我的雲端硬碟\0.RPG_System_Center\Raw\0.Publish\1.Doridida spicule and phylogeny\MicroCT_data\voi\NMMB-M011911\NMMB-M011911.log","Power, angular coverage, and magnification are calculated from logged values; surrounding material and target fields require external confirmation."
"NMMB-M011912","X-Ray Computed Tomography (CT/microCT)","Kuan Yu Cho","2023/03/24","24 Mar 2023  10h:52m:22s","NRecon","SkyScan1276 microCT acquisition reconstructed with NRecon. Log reports 516 projections, 50 kV, 200 uA, 550 ms exposure, Al 0.5mm filter, and 15.076395 um image pixel size.","","","Al 0.5mm","550 ms","Reference Intensity=58000; Flat Field Correction=ON","Image Pixel Size=15.076395 um; Scaled Image Pixel Size=15.076395 um","Flat Field Correction=ON; Heel Effect Correction On=0","ON (3)","516","50 kV","10 W (calculated from kV x mA)","200 uA","Not recorded in log","HAMAMATSU L10321; source spot size=Small","Not recorded in log","XIMEA MH110XC-KK-TP","2016","17.525 um","1344","17.525 um","Camera binning=2x2; Image format=TIFF; Depth=16 bits; Columns=2016; Rows=1344","68.180 mm","158.506 mm","Not recorded in log","Use 360 Rotation=NO; Rotation Step=0.400 deg; approx. 206.4 deg acquisition coverage","Not recorded in log","1.162x (calculated from detector pixel size / image pixel size)","STEP AND SHOOT; Scanning Trajectory=ROUND","G:\我的雲端硬碟\0.RPG_System_Center\Raw\0.Publish\1.Doridida spicule and phylogeny\MicroCT_data\voi\NMMB-M011912\NMMB-M011912.log","Power, angular coverage, and magnification are calculated from logged values; surrounding material and target fields require external confirmation."
"NMMB-M011913","X-Ray Computed Tomography (CT/microCT)","Kuan Yu Cho","2023/03/28","28 Mar 2023  08h:53m:08s","NRecon","SkyScan1276 microCT acquisition reconstructed with NRecon. Log reports 565 projections, 50 kV, 200 uA, 550 ms exposure, Al 0.5mm filter, and 15.068223 um image pixel size.","","","Al 0.5mm","550 ms","Reference Intensity=58000; Flat Field Correction=ON","Image Pixel Size=15.068223 um; Scaled Image Pixel Size=15.068223 um","Flat Field Correction=ON; Heel Effect Correction On=0","ON (3)","565","50 kV","10 W (calculated from kV x mA)","200 uA","Not recorded in log","HAMAMATSU L10321; source spot size=Small","Not recorded in log","XIMEA MH110XC-KK-TP","3712","17.525 um","1344","17.525 um","Camera binning=2x2; Image format=TIFF; Depth=16 bits; Columns=3712; Rows=1344","68.143 mm","158.506 mm","Not recorded in log","Use 360 Rotation=NO; Rotation Step=0.400 deg; approx. 226 deg acquisition coverage","Not recorded in log","1.163x (calculated from detector pixel size / image pixel size)","STEP AND SHOOT; Scanning Trajectory=ROUND","G:\我的雲端硬碟\0.RPG_System_Center\Raw\0.Publish\1.Doridida spicule and phylogeny\MicroCT_data\voi\NMMB-M011913\NMMB-M011913.log","Power, angular coverage, and magnification are calculated from logged values; surrounding material and target fields require external confirmation."
"NMMB-M011914","X-Ray Computed Tomography (CT/microCT)","Kuan Yu Cho","2023/03/24","24 Mar 2023  11h:06m:51s","NRecon","SkyScan1276 microCT acquisition reconstructed with NRecon. Log reports 516 projections, 50 kV, 200 uA, 550 ms exposure, Al 0.5mm filter, and 15.076395 um image pixel size.","","","Al 0.5mm","550 ms","Reference Intensity=58000; Flat Field Correction=ON","Image Pixel Size=15.076395 um; Scaled Image Pixel Size=15.076395 um","Flat Field Correction=ON; Heel Effect Correction On=0","ON (3)","516","50 kV","10 W (calculated from kV x mA)","200 uA","Not recorded in log","HAMAMATSU L10321; source spot size=Small","Not recorded in log","XIMEA MH110XC-KK-TP","2016","17.525 um","1344","17.525 um","Camera binning=2x2; Image format=TIFF; Depth=16 bits; Columns=2016; Rows=1344","68.180 mm","158.506 mm","Not recorded in log","Use 360 Rotation=NO; Rotation Step=0.400 deg; approx. 206.4 deg acquisition coverage","Not recorded in log","1.162x (calculated from detector pixel size / image pixel size)","STEP AND SHOOT; Scanning Trajectory=ROUND","G:\我的雲端硬碟\0.RPG_System_Center\Raw\0.Publish\1.Doridida spicule and phylogeny\MicroCT_data\voi\NMMB-M011914\NMMB-M011914.log","Power, angular coverage, and magnification are calculated from logged values; surrounding material and target fields require external confirmation."
"NMMB-M011915","X-Ray Computed Tomography (CT/microCT)","Kuan Yu Cho","2023/03/27","27 Mar 2023  10h:06m:59s","NRecon","SkyScan1276 microCT acquisition reconstructed with NRecon. Log reports 516 projections, 50 kV, 200 uA, 550 ms exposure, Al 0.5mm filter, and 15.076395 um image pixel size.","","","Al 0.5mm","550 ms","Reference Intensity=58000; Flat Field Correction=ON","Image Pixel Size=15.076395 um; Scaled Image Pixel Size=15.076395 um","Flat Field Correction=ON; Heel Effect Correction On=0","ON (3)","516","50 kV","10 W (calculated from kV x mA)","200 uA","Not recorded in log","HAMAMATSU L10321; source spot size=Small","Not recorded in log","XIMEA MH110XC-KK-TP","2016","17.525 um","1344","17.525 um","Camera binning=2x2; Image format=TIFF; Depth=16 bits; Columns=2016; Rows=1344","68.180 mm","158.506 mm","Not recorded in log","Use 360 Rotation=NO; Rotation Step=0.400 deg; approx. 206.4 deg acquisition coverage","Not recorded in log","1.162x (calculated from detector pixel size / image pixel size)","STEP AND SHOOT; Scanning Trajectory=ROUND","G:\我的雲端硬碟\0.RPG_System_Center\Raw\0.Publish\1.Doridida spicule and phylogeny\MicroCT_data\voi\NMMB-M011915\NMMB-M011915.log","Power, angular coverage, and magnification are calculated from logged values; surrounding material and target fields require external confirmation."
"NMMB-M011916","X-Ray Computed Tomography (CT/microCT)","Kuan Yu Cho","2023/03/24","24 Mar 2023  11h:31m:45s","NRecon","SkyScan1276 microCT acquisition reconstructed with NRecon. Log reports 516 projections, 50 kV, 200 uA, 550 ms exposure, Al 0.5mm filter, and 15.076395 um image pixel size.","","","Al 0.5mm","550 ms","Reference Intensity=58000; Flat Field Correction=ON","Image Pixel Size=15.076395 um; Scaled Image Pixel Size=15.076395 um","Flat Field Correction=ON; Heel Effect Correction On=0","ON (3)","516","50 kV","10 W (calculated from kV x mA)","200 uA","Not recorded in log","HAMAMATSU L10321; source spot size=Small","Not recorded in log","XIMEA MH110XC-KK-TP","2016","17.525 um","1344","17.525 um","Camera binning=2x2; Image format=TIFF; Depth=16 bits; Columns=2016; Rows=1344","68.180 mm","158.506 mm","Not recorded in log","Use 360 Rotation=NO; Rotation Step=0.400 deg; approx. 206.4 deg acquisition coverage","Not recorded in log","1.162x (calculated from detector pixel size / image pixel size)","STEP AND SHOOT; Scanning Trajectory=ROUND","G:\我的雲端硬碟\0.RPG_System_Center\Raw\0.Publish\1.Doridida spicule and phylogeny\MicroCT_data\voi\NMMB-M011916\NMMB-M011916.log","Power, angular coverage, and magnification are calculated from logged values; surrounding material and target fields require external confirmation."
"NMMB-M011917","X-Ray Computed Tomography (CT/microCT)","Kuan Yu Cho","2023/03/23","23 Mar 2023  13h:46m:32s","NRecon","SkyScan1276 microCT acquisition reconstructed with NRecon. Log reports 1029 projections, 45 kV, 200 uA, 550 ms exposure, Al 0.5mm filter, and 4.038033 um image pixel size.","","","Al 0.5mm","550 ms","Reference Intensity=58000; Flat Field Correction=ON","Image Pixel Size=4.038033 um; Scaled Image Pixel Size=4.038033 um","Flat Field Correction=ON; Heel Effect Correction On=0","ON (3)","1029","45 kV","9 W (calculated from kV x mA)","200 uA","Not recorded in log","HAMAMATSU L10321; source spot size=Small","Not recorded in log","XIMEA MH110XC-KK-TP","4032","17.525 um","2688","17.525 um","Camera binning=1x1; Image format=TIFF; Depth=16 bits; Columns=4032; Rows=2688","36.522 mm","158.506 mm","Not recorded in log","Use 360 Rotation=NO; Rotation Step=0.200 deg; approx. 205.8 deg acquisition coverage","Not recorded in log","4.34x (calculated from detector pixel size / image pixel size)","STEP AND SHOOT; Scanning Trajectory=ROUND","G:\我的雲端硬碟\0.RPG_System_Center\Raw\0.Publish\1.Doridida spicule and phylogeny\MicroCT_data\voi\NMMB-M011917\NMMB-M011917.log","Power, angular coverage, and magnification are calculated from logged values; surrounding material and target fields require external confirmation."
"NMMB-M011918","X-Ray Computed Tomography (CT/microCT)","Kuan Yu Cho","2023/03/28","28 Mar 2023  14h:12m:52s","NRecon","SkyScan1276 microCT acquisition reconstructed with NRecon. Log reports 565 projections, 50 kV, 200 uA, 550 ms exposure, Al 0.5mm filter, and 15.068223 um image pixel size.","","","Al 0.5mm","550 ms","Reference Intensity=58000; Flat Field Correction=ON","Image Pixel Size=15.068223 um; Scaled Image Pixel Size=15.068223 um","Flat Field Correction=ON; Heel Effect Correction On=0","ON (3)","565","50 kV","10 W (calculated from kV x mA)","200 uA","Not recorded in log","HAMAMATSU L10321; source spot size=Small","Not recorded in log","XIMEA MH110XC-KK-TP","3712","17.525 um","1344","17.525 um","Camera binning=2x2; Image format=TIFF; Depth=16 bits; Columns=3712; Rows=1344","68.143 mm","158.506 mm","Not recorded in log","Use 360 Rotation=NO; Rotation Step=0.400 deg; approx. 226 deg acquisition coverage","Not recorded in log","1.163x (calculated from detector pixel size / image pixel size)","STEP AND SHOOT; Scanning Trajectory=ROUND","G:\我的雲端硬碟\0.RPG_System_Center\Raw\0.Publish\1.Doridida spicule and phylogeny\MicroCT_data\voi\NMMB-M011918\9. NU0249_rec_Tra.log","Power, angular coverage, and magnification are calculated from logged values; surrounding material and target fields require external confirmation."
"NMMB-M011919","X-Ray Computed Tomography (CT/microCT)","Kuan Yu Cho","2023/03/27","27 Mar 2023  11h:10m:15s","NRecon","SkyScan1276 microCT acquisition reconstructed with NRecon. Log reports 516 projections, 50 kV, 200 uA, 550 ms exposure, Al 0.5mm filter, and 15.076395 um image pixel size.","","","Al 0.5mm","550 ms","Reference Intensity=58000; Flat Field Correction=ON","Image Pixel Size=15.076395 um; Scaled Image Pixel Size=15.076395 um","Flat Field Correction=ON; Heel Effect Correction On=0","ON (3)","516","50 kV","10 W (calculated from kV x mA)","200 uA","Not recorded in log","HAMAMATSU L10321; source spot size=Small","Not recorded in log","XIMEA MH110XC-KK-TP","2016","17.525 um","1344","17.525 um","Camera binning=2x2; Image format=TIFF; Depth=16 bits; Columns=2016; Rows=1344","68.180 mm","158.506 mm","Not recorded in log","Use 360 Rotation=NO; Rotation Step=0.400 deg; approx. 206.4 deg acquisition coverage","Not recorded in log","1.162x (calculated from detector pixel size / image pixel size)","STEP AND SHOOT; Scanning Trajectory=ROUND","G:\我的雲端硬碟\0.RPG_System_Center\Raw\0.Publish\1.Doridida spicule and phylogeny\MicroCT_data\voi\NMMB-M011919\NMMB-M011919.log","Power, angular coverage, and magnification are calculated from logged values; surrounding material and target fields require external confirmation."
"NMMB-M011920","X-Ray Computed Tomography (CT/microCT)","Kuan Yu Cho","2023/03/24","24 Mar 2023  14h:35m:45s","NRecon","SkyScan1276 microCT acquisition reconstructed with NRecon. Log reports 516 projections, 50 kV, 200 uA, 550 ms exposure, Al 0.5mm filter, and 15.076395 um image pixel size.","","","Al 0.5mm","550 ms","Reference Intensity=58000; Flat Field Correction=ON","Image Pixel Size=15.076395 um; Scaled Image Pixel Size=15.076395 um","Flat Field Correction=ON; Heel Effect Correction On=0","ON (3)","516","50 kV","10 W (calculated from kV x mA)","200 uA","Not recorded in log","HAMAMATSU L10321; source spot size=Small","Not recorded in log","XIMEA MH110XC-KK-TP","2016","17.525 um","1344","17.525 um","Camera binning=2x2; Image format=TIFF; Depth=16 bits; Columns=2016; Rows=1344","68.180 mm","158.506 mm","Not recorded in log","Use 360 Rotation=NO; Rotation Step=0.400 deg; approx. 206.4 deg acquisition coverage","Not recorded in log","1.162x (calculated from detector pixel size / image pixel size)","STEP AND SHOOT; Scanning Trajectory=ROUND","G:\我的雲端硬碟\0.RPG_System_Center\Raw\0.Publish\1.Doridida spicule and phylogeny\MicroCT_data\voi\NMMB-M011920\NMMB-M011920.log","Power, angular coverage, and magnification are calculated from logged values; surrounding material and target fields require external confirmation."
"NMMB-M011921","X-Ray Computed Tomography (CT/microCT)","Kuan Yu Cho","2023/03/23","23 Mar 2023  14h:55m:16s","NRecon","SkyScan1276 microCT acquisition reconstructed with NRecon. Log reports 1029 projections, 45 kV, 200 uA, 550 ms exposure, Al 0.5mm filter, and 4.038033 um image pixel size.","","","Al 0.5mm","550 ms","Reference Intensity=58000; Flat Field Correction=ON","Image Pixel Size=4.038033 um; Scaled Image Pixel Size=4.038033 um","Flat Field Correction=ON; Heel Effect Correction On=0","ON (3)","1029","45 kV","9 W (calculated from kV x mA)","200 uA","Not recorded in log","HAMAMATSU L10321; source spot size=Small","Not recorded in log","XIMEA MH110XC-KK-TP","4032","17.525 um","2688","17.525 um","Camera binning=1x1; Image format=TIFF; Depth=16 bits; Columns=4032; Rows=2688","36.522 mm","158.506 mm","Not recorded in log","Use 360 Rotation=NO; Rotation Step=0.200 deg; approx. 205.8 deg acquisition coverage","Not recorded in log","4.34x (calculated from detector pixel size / image pixel size)","STEP AND SHOOT; Scanning Trajectory=ROUND","G:\我的雲端硬碟\0.RPG_System_Center\Raw\0.Publish\1.Doridida spicule and phylogeny\MicroCT_data\voi\NMMB-M011921\NMMB-M011921.log","Power, angular coverage, and magnification are calculated from logged values; surrounding material and target fields require external confirmation."
"NMMB-M011922","X-Ray Computed Tomography (CT/microCT)","Kuan Yu Cho","2023/03/24","24 Mar 2023  13h:59m:18s","NRecon","SkyScan1276 microCT acquisition reconstructed with NRecon. Log reports 516 projections, 50 kV, 200 uA, 550 ms exposure, Al 0.5mm filter, and 15.076395 um image pixel size.","","","Al 0.5mm","550 ms","Reference Intensity=58000; Flat Field Correction=ON","Image Pixel Size=15.076395 um; Scaled Image Pixel Size=15.076395 um","Flat Field Correction=ON; Heel Effect Correction On=0","ON (3)","516","50 kV","10 W (calculated from kV x mA)","200 uA","Not recorded in log","HAMAMATSU L10321; source spot size=Small","Not recorded in log","XIMEA MH110XC-KK-TP","2016","17.525 um","1344","17.525 um","Camera binning=2x2; Image format=TIFF; Depth=16 bits; Columns=2016; Rows=1344","68.180 mm","158.506 mm","Not recorded in log","Use 360 Rotation=NO; Rotation Step=0.400 deg; approx. 206.4 deg acquisition coverage","Not recorded in log","1.162x (calculated from detector pixel size / image pixel size)","STEP AND SHOOT; Scanning Trajectory=ROUND","G:\我的雲端硬碟\0.RPG_System_Center\Raw\0.Publish\1.Doridida spicule and phylogeny\MicroCT_data\voi\NMMB-M011922\NMMB-M011922.log","Power, angular coverage, and magnification are calculated from logged values; surrounding material and target fields require external confirmation."
"NMMB-M011923","X-Ray Computed Tomography (CT/microCT)","Kuan Yu Cho","2023/03/28","28 Mar 2023  11h:02m:29s","NRecon","SkyScan1276 microCT acquisition reconstructed with NRecon. Log reports 565 projections, 50 kV, 200 uA, 550 ms exposure, Al 0.5mm filter, and 15.068223 um image pixel size.","","","Al 0.5mm","550 ms","Reference Intensity=58000; Flat Field Correction=ON","Image Pixel Size=15.068223 um; Scaled Image Pixel Size=15.068223 um","Flat Field Correction=ON; Heel Effect Correction On=0","ON (3)","565","50 kV","10 W (calculated from kV x mA)","200 uA","Not recorded in log","HAMAMATSU L10321; source spot size=Small","Not recorded in log","XIMEA MH110XC-KK-TP","3712","17.525 um","1344","17.525 um","Camera binning=2x2; Image format=TIFF; Depth=16 bits; Columns=3712; Rows=1344","68.143 mm","158.506 mm","Not recorded in log","Use 360 Rotation=NO; Rotation Step=0.400 deg; approx. 226 deg acquisition coverage","Not recorded in log","1.163x (calculated from detector pixel size / image pixel size)","STEP AND SHOOT; Scanning Trajectory=ROUND","G:\我的雲端硬碟\0.RPG_System_Center\Raw\0.Publish\1.Doridida spicule and phylogeny\MicroCT_data\voi\NMMB-M011923\NMMB-M011923.log","Power, angular coverage, and magnification are calculated from logged values; surrounding material and target fields require external confirmation."
"NMMB-M011924","X-Ray Computed Tomography (CT/microCT)","Kuan Yu Cho","2023/03/24","24 Mar 2023  10h:20m:45s","NRecon","SkyScan1276 microCT acquisition reconstructed with NRecon. Log reports 1029 projections, 45 kV, 200 uA, 550 ms exposure, Al 0.5mm filter, and 4.038033 um image pixel size.","","","Al 0.5mm","550 ms","Reference Intensity=58000; Flat Field Correction=ON","Image Pixel Size=4.038033 um; Scaled Image Pixel Size=4.038033 um","Flat Field Correction=ON; Heel Effect Correction On=0","ON (3)","1029","45 kV","9 W (calculated from kV x mA)","200 uA","Not recorded in log","HAMAMATSU L10321; source spot size=Small","Not recorded in log","XIMEA MH110XC-KK-TP","4032","17.525 um","2688","17.525 um","Camera binning=1x1; Image format=TIFF; Depth=16 bits; Columns=4032; Rows=2688","36.522 mm","158.506 mm","Not recorded in log","Use 360 Rotation=NO; Rotation Step=0.200 deg; approx. 205.8 deg acquisition coverage","Not recorded in log","4.34x (calculated from detector pixel size / image pixel size)","STEP AND SHOOT; Scanning Trajectory=ROUND","G:\我的雲端硬碟\0.RPG_System_Center\Raw\0.Publish\1.Doridida spicule and phylogeny\MicroCT_data\voi\NMMB-M011924\NMMB-M011924.log","Power, angular coverage, and magnification are calculated from logged values; surrounding material and target fields require external confirmation."
"NMMB-M011925","X-Ray Computed Tomography (CT/microCT)","Kuan Yu Cho","2023/06/29","29 Jun 2023  09h:50m:01s","NRecon","SkyScan1276 microCT acquisition reconstructed with NRecon. Log reports 1029 projections, 50 kV, 200 uA, 550 ms exposure, Al 0.5mm filter, and 4.038033 um image pixel size.","","","Al 0.5mm","550 ms","Reference Intensity=58000; Flat Field Correction=ON","Image Pixel Size=4.038033 um; Scaled Image Pixel Size=4.038033 um","Flat Field Correction=ON; Heel Effect Correction On=0","ON (3)","1029","50 kV","10 W (calculated from kV x mA)","200 uA","Not recorded in log","HAMAMATSU L10321; source spot size=Small","Not recorded in log","XIMEA MH110XC-KK-TP","4032","17.525 um","2688","17.525 um","Camera binning=1x1; Image format=TIFF; Depth=16 bits; Columns=4032; Rows=2688","36.522 mm","158.506 mm","Not recorded in log","Use 360 Rotation=NO; Rotation Step=0.200 deg; approx. 205.8 deg acquisition coverage","Not recorded in log","4.34x (calculated from detector pixel size / image pixel size)","STEP AND SHOOT; Scanning Trajectory=ROUND","G:\我的雲端硬碟\0.RPG_System_Center\Raw\0.Publish\1.Doridida spicule and phylogeny\MicroCT_data\voi\NMMB-M011925\NMMB-M011925.log","Power, angular coverage, and magnification are calculated from logged values; surrounding material and target fields require external confirmation."
"NMMB-M011926","X-Ray Computed Tomography (CT/microCT)","Kuan Yu Cho","2023/06/28","28 Jun 2023  10h:51m:06s","NRecon","SkyScan1276 microCT acquisition reconstructed with NRecon. Log reports 516 projections, 50 kV, 200 uA, 550 ms exposure, Al 0.5mm filter, and 15.076395 um image pixel size.","","","Al 0.5mm","550 ms","Reference Intensity=58000; Flat Field Correction=ON","Image Pixel Size=15.076395 um; Scaled Image Pixel Size=15.076395 um","Flat Field Correction=ON; Heel Effect Correction On=0","ON (3)","516","50 kV","10 W (calculated from kV x mA)","200 uA","Not recorded in log","HAMAMATSU L10321; source spot size=Small","Not recorded in log","XIMEA MH110XC-KK-TP","2016","17.525 um","1344","17.525 um","Camera binning=2x2; Image format=TIFF; Depth=16 bits; Columns=2016; Rows=1344","68.180 mm","158.506 mm","Not recorded in log","Use 360 Rotation=NO; Rotation Step=0.400 deg; approx. 206.4 deg acquisition coverage","Not recorded in log","1.162x (calculated from detector pixel size / image pixel size)","STEP AND SHOOT; Scanning Trajectory=ROUND","G:\我的雲端硬碟\0.RPG_System_Center\Raw\0.Publish\1.Doridida spicule and phylogeny\MicroCT_data\voi\NMMB-M011926\NMMB-M011926.log","Power, angular coverage, and magnification are calculated from logged values; surrounding material and target fields require external confirmation."
"NMMB-M011927","X-Ray Computed Tomography (CT/microCT)","Kuan Yu Cho","2023/06/28","28 Jun 2023  12h:16m:43s","NRecon","SkyScan1276 microCT acquisition reconstructed with NRecon. Log reports 1029 projections, 50 kV, 200 uA, 550 ms exposure, Al 0.5mm filter, and 4.038033 um image pixel size.","","","Al 0.5mm","550 ms","Reference Intensity=58000; Flat Field Correction=ON","Image Pixel Size=4.038033 um; Scaled Image Pixel Size=4.038033 um","Flat Field Correction=ON; Heel Effect Correction On=0","ON (3)","1029","50 kV","10 W (calculated from kV x mA)","200 uA","Not recorded in log","HAMAMATSU L10321; source spot size=Small","Not recorded in log","XIMEA MH110XC-KK-TP","4032","17.525 um","2688","17.525 um","Camera binning=1x1; Image format=TIFF; Depth=16 bits; Columns=4032; Rows=2688","36.522 mm","158.506 mm","Not recorded in log","Use 360 Rotation=NO; Rotation Step=0.200 deg; approx. 205.8 deg acquisition coverage","Not recorded in log","4.34x (calculated from detector pixel size / image pixel size)","STEP AND SHOOT; Scanning Trajectory=ROUND","G:\我的雲端硬碟\0.RPG_System_Center\Raw\0.Publish\1.Doridida spicule and phylogeny\MicroCT_data\voi\NMMB-M011927\NMMB-M011927.log","Power, angular coverage, and magnification are calculated from logged values; surrounding material and target fields require external confirmation."
"NMMB-M011928","X-Ray Computed Tomography (CT/microCT)","Kuan Yu Cho","2023/06/28","28 Jun 2023  15h:57m:54s","NRecon","SkyScan1276 microCT acquisition reconstructed with NRecon. Log reports 1029 projections, 50 kV, 200 uA, 550 ms exposure, Al 0.5mm filter, and 4.038033 um image pixel size.","","","Al 0.5mm","550 ms","Reference Intensity=58000; Flat Field Correction=ON","Image Pixel Size=4.038033 um; Scaled Image Pixel Size=4.038033 um","Flat Field Correction=ON; Heel Effect Correction On=0","ON (3)","1029","50 kV","10 W (calculated from kV x mA)","200 uA","Not recorded in log","HAMAMATSU L10321; source spot size=Small","Not recorded in log","XIMEA MH110XC-KK-TP","4032","17.525 um","2688","17.525 um","Camera binning=1x1; Image format=TIFF; Depth=16 bits; Columns=4032; Rows=2688","36.522 mm","158.506 mm","Not recorded in log","Use 360 Rotation=NO; Rotation Step=0.200 deg; approx. 205.8 deg acquisition coverage","Not recorded in log","4.34x (calculated from detector pixel size / image pixel size)","STEP AND SHOOT; Scanning Trajectory=ROUND","G:\我的雲端硬碟\0.RPG_System_Center\Raw\0.Publish\1.Doridida spicule and phylogeny\MicroCT_data\voi\NMMB-M011928\NMMB-M011928.log","Power, angular coverage, and magnification are calculated from logged values; surrounding material and target fields require external confirmation."
"NMMB-M011929","X-Ray Computed Tomography (CT/microCT)","Kuan Yu Cho","2023/06/28","28 Jun 2023  13h:29m:29s","NRecon","SkyScan1276 microCT acquisition reconstructed with NRecon. Log reports 1029 projections, 50 kV, 200 uA, 550 ms exposure, Al 0.5mm filter, and 4.038033 um image pixel size.","","","Al 0.5mm","550 ms","Reference Intensity=58000; Flat Field Correction=ON","Image Pixel Size=4.038033 um; Scaled Image Pixel Size=4.038033 um","Flat Field Correction=ON; Heel Effect Correction On=0","ON (3)","1029","50 kV","10 W (calculated from kV x mA)","200 uA","Not recorded in log","HAMAMATSU L10321; source spot size=Small","Not recorded in log","XIMEA MH110XC-KK-TP","4032","17.525 um","2688","17.525 um","Camera binning=1x1; Image format=TIFF; Depth=16 bits; Columns=4032; Rows=2688","36.522 mm","158.506 mm","Not recorded in log","Use 360 Rotation=NO; Rotation Step=0.200 deg; approx. 205.8 deg acquisition coverage","Not recorded in log","4.34x (calculated from detector pixel size / image pixel size)","STEP AND SHOOT; Scanning Trajectory=ROUND","G:\我的雲端硬碟\0.RPG_System_Center\Raw\0.Publish\1.Doridida spicule and phylogeny\MicroCT_data\voi\NMMB-M011929\NMMB-M011929.log","Power, angular coverage, and magnification are calculated from logged values; surrounding material and target fields require external confirmation."
"NMMB-M011930","X-Ray Computed Tomography (CT/microCT)","Kuan Yu Cho","2023/06/29","29 Jun 2023  12h:11m:16s","NRecon","SkyScan1276 microCT acquisition reconstructed with NRecon. Log reports 1029 projections, 50 kV, 200 uA, 550 ms exposure, Al 0.5mm filter, and 4.038033 um image pixel size.","","","Al 0.5mm","550 ms","Reference Intensity=58000; Flat Field Correction=ON","Image Pixel Size=4.038033 um; Scaled Image Pixel Size=4.038033 um","Flat Field Correction=ON; Heel Effect Correction On=0","ON (3)","1029","50 kV","10 W (calculated from kV x mA)","200 uA","Not recorded in log","HAMAMATSU L10321; source spot size=Small","Not recorded in log","XIMEA MH110XC-KK-TP","4032","17.525 um","2688","17.525 um","Camera binning=1x1; Image format=TIFF; Depth=16 bits; Columns=4032; Rows=2688","36.522 mm","158.506 mm","Not recorded in log","Use 360 Rotation=NO; Rotation Step=0.200 deg; approx. 205.8 deg acquisition coverage","Not recorded in log","4.34x (calculated from detector pixel size / image pixel size)","STEP AND SHOOT; Scanning Trajectory=ROUND","G:\我的雲端硬碟\0.RPG_System_Center\Raw\0.Publish\1.Doridida spicule and phylogeny\MicroCT_data\voi\NMMB-M011930\NMMB-M011930.log","Power, angular coverage, and magnification are calculated from logged values; surrounding material and target fields require external confirmation."
"NMMB-M011931","X-Ray Computed Tomography (CT/microCT)","Kuan Yu Cho","2023/06/29","29 Jun 2023  14h:25m:26s","NRecon","SkyScan1276 microCT acquisition reconstructed with NRecon. Log reports 565 projections, 50 kV, 200 uA, 550 ms exposure, Al 0.5mm filter, and 15.068223 um image pixel size.","","","Al 0.5mm","550 ms","Reference Intensity=58000; Flat Field Correction=ON","Image Pixel Size=15.068223 um; Scaled Image Pixel Size=15.068223 um","Flat Field Correction=ON; Heel Effect Correction On=0","ON (3)","565","50 kV","10 W (calculated from kV x mA)","200 uA","Not recorded in log","HAMAMATSU L10321; source spot size=Small","Not recorded in log","XIMEA MH110XC-KK-TP","3712","17.525 um","1344","17.525 um","Camera binning=2x2; Image format=TIFF; Depth=16 bits; Columns=3712; Rows=1344","68.143 mm","158.506 mm","Not recorded in log","Use 360 Rotation=NO; Rotation Step=0.400 deg; approx. 226 deg acquisition coverage","Not recorded in log","1.163x (calculated from detector pixel size / image pixel size)","STEP AND SHOOT; Scanning Trajectory=ROUND","G:\我的雲端硬碟\0.RPG_System_Center\Raw\0.Publish\1.Doridida spicule and phylogeny\MicroCT_data\voi\NMMB-M011931\NMMB-M011931.log","Power, angular coverage, and magnification are calculated from logged values; surrounding material and target fields require external confirmation."
"NMMB-M011932","X-Ray Computed Tomography (CT/microCT)","Kuan Yu Cho","2023/06/29","29 Jun 2023  10h:24m:19s","NRecon","SkyScan1276 microCT acquisition reconstructed with NRecon. Log reports 1029 projections, 50 kV, 200 uA, 550 ms exposure, Al 0.5mm filter, and 4.038033 um image pixel size.","","","Al 0.5mm","550 ms","Reference Intensity=58000; Flat Field Correction=ON","Image Pixel Size=4.038033 um; Scaled Image Pixel Size=4.038033 um","Flat Field Correction=ON; Heel Effect Correction On=0","ON (3)","1029","50 kV","10 W (calculated from kV x mA)","200 uA","Not recorded in log","HAMAMATSU L10321; source spot size=Small","Not recorded in log","XIMEA MH110XC-KK-TP","4032","17.525 um","2688","17.525 um","Camera binning=1x1; Image format=TIFF; Depth=16 bits; Columns=4032; Rows=2688","36.522 mm","158.506 mm","Not recorded in log","Use 360 Rotation=NO; Rotation Step=0.200 deg; approx. 205.8 deg acquisition coverage","Not recorded in log","4.34x (calculated from detector pixel size / image pixel size)","STEP AND SHOOT; Scanning Trajectory=ROUND","G:\我的雲端硬碟\0.RPG_System_Center\Raw\0.Publish\1.Doridida spicule and phylogeny\MicroCT_data\voi\NMMB-M011932\NMMB-M011932.log","Power, angular coverage, and magnification are calculated from logged values; surrounding material and target fields require external confirmation."
"NMMB-M011933","X-Ray Computed Tomography (CT/microCT)","Kuan Yu Cho","","","","Only a DataViewer conversion log was found in the specimen folder; acquisition parameters are not recorded in that log.","","","","","","Image Pixel Size= um; Scaled Image Pixel Size= um","","","","","","","Not recorded in log","","Not recorded in log","","","","","","Camera binning=; Image format=; Depth= bits; Columns=; Rows=","","","Not recorded in log","Use 360 Rotation=; Rotation Step= deg","Not recorded in log","","","G:\我的雲端硬碟\0.RPG_System_Center\Raw\0.Publish\1.Doridida spicule and phylogeny\MicroCT_data\voi\NMMB-M011933\NMMB-M01.log","Acquisition log not found in this specimen folder; parameter blanks indicate values not recorded in the available log."
"NMMB-M011934","X-Ray Computed Tomography (CT/microCT)","Kuan Yu Cho","2023/06/28","28 Jun 2023  09h:54m:42s","NRecon","SkyScan1276 microCT acquisition reconstructed with NRecon. Log reports 516 projections, 50 kV, 200 uA, 550 ms exposure, Al 0.5mm filter, and 15.076395 um image pixel size.","","","Al 0.5mm","550 ms","Reference Intensity=58000; Flat Field Correction=ON","Image Pixel Size=15.076395 um; Scaled Image Pixel Size=15.076395 um","Flat Field Correction=ON; Heel Effect Correction On=0","ON (3)","516","50 kV","10 W (calculated from kV x mA)","200 uA","Not recorded in log","HAMAMATSU L10321; source spot size=Small","Not recorded in log","XIMEA MH110XC-KK-TP","2016","17.525 um","1344","17.525 um","Camera binning=2x2; Image format=TIFF; Depth=16 bits; Columns=2016; Rows=1344","68.180 mm","158.506 mm","Not recorded in log","Use 360 Rotation=NO; Rotation Step=0.400 deg; approx. 206.4 deg acquisition coverage","Not recorded in log","1.162x (calculated from detector pixel size / image pixel size)","STEP AND SHOOT; Scanning Trajectory=ROUND","G:\我的雲端硬碟\0.RPG_System_Center\Raw\0.Publish\1.Doridida spicule and phylogeny\MicroCT_data\voi\NMMB-M011934\10. AC0003_rec_Tra.log","Power, angular coverage, and magnification are calculated from logged values; surrounding material and target fields require external confirmation."
