"Package","Version","Priority","R"
"ape","5.8-1",NA,"4.5.3"
"cli","3.6.6",NA,"4.5.3"
"cluster","2.1.8.3","recommended","4.5.3"
"compiler","4.5.3","base","4.5.3"
"cpp11","0.5.5",NA,"4.5.3"
"digest","0.6.39",NA,"4.5.3"
"dunn.test","1.4.2",NA,"4.5.3"
"farver","2.1.2",NA,"4.5.3"
"ggplot2","4.0.3",NA,"4.5.3"
"glue","1.8.1",NA,"4.5.3"
"graphics","4.5.3","base","4.5.3"
"grDevices","4.5.3","base","4.5.3"
"grid","4.5.3","base","4.5.3"
"gtable","0.3.6",NA,"4.5.3"
"isoband","0.3.0",NA,"4.5.3"
"labeling","0.4.3",NA,"4.5.3"
"lattice","0.23-1","recommended","4.5.3"
"lifecycle","1.0.5",NA,"4.5.3"
"MASS","7.3-66","recommended","4.5.3"
"Matrix","1.7-6","recommended","4.5.3"
"methods","4.5.3","base","4.5.3"
"mgcv","1.9-4","recommended","4.5.3"
"multcompView","0.1-12",NA,"4.5.3"
"nlme","3.1-171","recommended","4.5.3"
"parallel","4.5.3","base","4.5.3"
"permute","0.9-10",NA,"4.5.3"
"R6","2.6.1",NA,"4.5.3"
"RColorBrewer","1.1-3",NA,"4.5.3"
"Rcpp","1.1.2",NA,"4.5.3"
"rlang","1.3.0",NA,"4.5.3"
"S7","0.2.2",NA,"4.5.3"
"scales","1.4.0",NA,"4.5.3"
"splines","4.5.3","base","4.5.3"
"stats","4.5.3","base","4.5.3"
"tools","4.5.3","base","4.5.3"
"utils","4.5.3","base","4.5.3"
"vctrs","0.7.3",NA,"4.5.3"
"vegan","2.7-6",NA,"4.5.3"
"viridisLite","0.4.3",NA,"4.5.3"
"withr","3.0.3",NA,"4.5.3"
