"Sample","Network","BV/TV","BS/BV","Tb.Pf","SMI","Tb.Th","Tb.N"
"C001","SpA2",0.292816256473158,-0.655038750058232,-0.507969417000851,0.182801155995502,0.233346935915957,0.34361523918577
"C003","SpA3",0.44451181925795,-0.0324047438191352,0.0297555307029786,0.271410330279931,0.286189635809709,0
"C004","SpA2",-1.14909711017557,0.16549565593344,0.216790295121702,1.39634602674873,-0.821567115994516,0.214759524491106
"C005","SpA3",-0.183375060943247,-0.0520790525664673,-0.0382571109038299,-0.0603372648802694,0.531063183177716,-0.300663334287548
"C006","SpA1",0.11221862915609,-0.778292507798871,-0.754515242825533,-0.093404662715008,0.147979395550814,0.214759524491106
"C007","SpA2",-0.0542533960528954,0.112837947227346,0.072263431707234,0.13906916448679,-1.56222579032363,0.515422858778654
"C008","SpA1",-0.17502987174162,0.994131247879896,0.721571619547235,-0.860181790428326,-0.214461224741467,-0.214759524491106
"C009","SpA1",-0.230617209234466,-0.0190956526077046,0.0393198084289362,0.241563782883641,0.125197923768542,-0.343615239185769
"C010","SpA4",-0.905462694618873,0.162602375235303,0.408075849640852,2.30305121239909,-0.172444930854476,-0.515422858778654
"C012","SpA1",-0.490136483001209,0.931636384800135,1.11051891373617,0.303046239030915,-0.190033377549592,-0.987893812659087
"C014","SpA3",-0.0870863991280234,-0.0515003964268397,0.0510094812051064,0.649824469570542,0.63709967748028,-0.558374763676875
"C015","SpA1",-0.447862783261692,0.115152571785855,0.189160159468936,0.414988685380548,-0.17182208521759,-0.515422858778654
"C016","SpA1",0.0186494035131346,0.0289328069813706,0.00956427772595744,-0.108650021456998,-0.0872003727488451,0.0429519048982212
"C018","SpA2",-0.325997244271752,0.016781028049195,0.0626991539812766,0.92767650072737,0.281637308622916,-0.214759524491106
"C019","SpA1",-0.566422467378709,0.401008704761797,1.00956264885106,2.21787761191567,-0.237246663693402,-0.558374763676875
"C020","SpA1",-0.668175778184651,0.0503430841475849,0.0797023143829788,0.247289739218661,-0.122248333125073,-0.644278573473318
"C021","SpA2",-0.919124317095668,0.0943209507592684,0.114771332711489,0.531798194614949,-0.54677119145319,-0.429519048982212
"C022","SpA1",-0.00611550930682947,-0.482020564309635,-0.247608523349788,0.342841635559301,0.111326715046432,-0.0859038097964424
"C023","SpA3",-0.130017403345198,-0.0960569191781507,-0.0297555307029788,0.0410837367037659,0.181309571463529,-0.73018238326976
"C024","SpA2",-0.387442324609602,0.622634006239097,0.556853503155745,0.0467381185845976,-0.340379189803606,-0.128855714694664
"C025","SpA3",0.800448638070829,-0.0543936771249768,0.055260271305532,0.802922227078129,0.832363768228814,-0.0429519048982211
"C026","SpA1",0.174121244963682,0.270232417206002,-0.0648245490314896,-0.622053581345696,-0.0723730761382673,0.773134288167981
"C027","SpA3",0.108203916513145,-0.0642308314986429,-0.0244420430774468,-0.0803065375986504,0.432800357827239,-0.300663334287548
"C028","SpA4",0.0916939746331692,-0.115731227925483,-0.0584483638808512,-0.159539458384485,0.146682131071441,-0.558374763676876
"C029","SpA1",0.167928405718304,-1.00223243383468,-0.794897748779575,-0.00343557380101173,0.0250764794315621,0.859038097964424
"C030","SpA2",-2.26814509506373,0.813011876176516,0.918170661691916,0.399600177730183,-1.22877922950384,-1.46036476653952
"C031","SpA3",-0.439601368160158,-0.0422418981928012,-0.00425079010042551,0.277207861069138,1.26506891398417,-0.386567144083991
"C032","SpA1",0.769510218490124,-0.703645865786935,-0.713070039346384,0.434957958098929,2.02373853857738,0.171807619592885
"C033","SpA1",-0.155040082626988,0.182276683982635,0.243357733249362,0.246144547951657,-0.236649604659317,-0.128855714694664
"C034","SpA1",0.819806899353986,-0.240142297945377,-0.320934652582128,-0.451491657016299,0.188174758563089,0.987893812659087
"C036","SpA3",0.0178889924507468,0.012730435071803,0.00318809257531905,-0.0327095255637998,-0.178443291382955,0.0429519048982212
"C037","SpA1",-0.0560577612856799,0.0613375508005058,0.0680126416068085,0.0348567591894322,-0.185609983376804,-0.0429519048982211
"C038","SpA1",-0.0291276101863747,0.0515003964268398,-0.00743888267574476,-0.191246941589656,-0.162939592345059,0.0429519048982211
"C040","SpA3",0.474509391252988,-0.00578656139627414,0.0510094812051064,0.153240906415963,0.0302893403670268,0.859038097964423
"C041","SpA1",-0.0870155133510213,0.205422929567732,0.346439393184681,0.343772103463742,-0.00590513204143017,-0.171807619592885
"C042","SpA3",-0.391759912845193,-0.0219889333058417,-0.0308182282280852,-0.28508105102979,0.303641215151497,-0.257711429389327
"C043","SpA2",-0.0374083577725453,0.0283541508417432,0.0318809257531915,0.227392040954467,-0.358751152506907,0.0859038097964424
"C045","SpA2",-1.14405133168532,0.0815905156874652,0.121147517862128,0.878290127337825,-0.541756689000809,-0.429519048982212
"C046","SpA1",-0.0447289252884127,0.402166017041052,0.548351922954894,0.262964544685777,0.457724101226826,-0.0859038097964424
"C048","SpA3",-0.365667502746823,-0.109944666529209,-0.00425079010042551,0.150306353794265,0.155532886586678,-1.28855714694664
"C049","SpA2",-1.8184135049538,0.399272736342915,0.4994678368,0.774793466582345,-0.774859643982573,-1.24560524204841
"C050","SpA3",2.51751481439607,-0.642886971126056,-0.653558977940426,-2.48621024066553,1.10083205715974,0.386567144083991
"C051","SpA1",-0.0485309806003511,0.156815813839029,-0.28799102930383,-1.10060038204496,-0.206179758072683,-0.0859038097964424
"C052","SpA1",-0.347591629611252,-0.013887747351058,0.368756041211915,1.06030396433726,0.162326664632327,-0.901990002862645
"C053","SpA1",0.0199189033376292,-0.363396055686015,-0.462273423421276,-0.0508178624732991,-0.00113857769290604,0.171807619592885
"C054","SpA2",-0.785820391362185,0.313631627678058,0.170031604017021,-0.350070655432263,-1.75796395784674,0.601326668575097
"C055","SpA3",1.41895281906155,-0.229147831292456,-0.286928331778724,-1.97924838165373,0.585453079239528,0.257711429389327
"R001","SpA4",0.998961034484827,-0.0312474315398803,-0.0393198084289362,-0.357872270938728,0.229607878509812,0.515422858778654
"R002","SpA3",0.128335477181781,0.0468711473098204,0.0425079010042553,0.543178532830801,-1.42130795677063,0.34361523918577
"R003","SpA3",1.57624835822952,-0.0636521753590155,-0.0956427772595745,-0.912645865347943,0.968086593109827,0.429519048982212
"R004","SpA4",1.40502054179983,-0.119203164763247,-0.153028443615319,-1.02652082196065,0.438203642906466,0.644278573473318
