"Sample","Network","AverageDistanceToMedian","DifferenceDistanceToMedian"
"C001","SpA2",2.42061156703934,1.86196998338312
"C003","SpA3",1.52108431418723,0.527042112027955
"C004","SpA2",2.16041606423725,1.06109594640532
"C005","SpA3",1.20335799146414,0.331308463003203
"C006","SpA1",0.824158567480926,1.22798724282575
"C007","SpA2",1.08433169987315,1.51449291170502
"C008","SpA1",2.92534090224575,1.51670193140452
"C009","SpA1",0.470676385459335,0.385449905845712
"C010","SpA4",1.9126138184005,3.38424961630764
"C012","SpA1",1.636712510976,1.72573507166546
"C014","SpA3",0.374839922397548,0.813398094074821
"C015","SpA1",0.687472463476803,0.690796516885446
"C016","SpA1",0.796652496198127,0.25436188265805
"C018","SpA2",1.70070655917817,1.07461967057481
"C019","SpA1",0.599048116847014,2.47456852958531
"C020","SpA1",1.06577334191879,0.834402794729202
"C021","SpA2",0.497853860372413,0.224899481552943
"C022","SpA1",1.05589501744825,0.676694162440256
"C023","SpA3",1.70735748332798,0.582978731931548
"C024","SpA2",1.71989958741913,0.932996741433217
"C025","SpA3",0.311852239636925,1.18837990076112
"C026","SpA1",1.60335929080972,1.16476297303723
"C027","SpA3",0.431577961992739,0.085771735657609
"C028","SpA4",1.93670339738033,1.27020447250054
"C029","SpA1",4.19401987555047,1.65984868196527
"C030","SpA2",1.10578798221124,2.24278926531348
"C031","SpA3",1.80923772683956,1.0864925915201
"C032","SpA1",0.929068363033127,2.51371485160253
"C033","SpA1",0.498703399999522,0.361945323338049
"C034","SpA1",0.996404313397926,1.58341180094386
"C036","SpA3",1.60873182211297,0.649578206819192
"C037","SpA1",0.687248040768889,0.160500976233163
"C038","SpA1",0.354324709584992,0.331349003708727
"C040","SpA3",2.75075026450798,1.23646761501144
"C041","SpA1",0.463274319199329,0.44008008643053
"C042","SpA3",1.69159093224842,0.571094232197552
"C043","SpA2",1.06453767129287,0.943612629888928
"C045","SpA2",0.721896028425656,0.515132401189082
"C046","SpA1",0.617336004941646,0.813574067805343
"C048","SpA3",2.32033853476153,1.1827270012999
"C049","SpA2",0.779466825608382,1.50594507208532
"C050","SpA3",1.57051873115374,3.67226592614977
"C051","SpA1",0.920894960949944,1.24542733244507
"C052","SpA1",0.896186317370252,1.3605198985423
"C053","SpA1",6.80960172201101,0.720948804636847
"C054","SpA2",0.199203830781999,1.71522657790594
"C055","SpA3",1.83168812855661,2.4316621813434
"R001","SpA4",0.584056667916115,0.155329577216912
"R002","SpA3",2.32948616225151,1.99328594921377
"R003","SpA3",1.23997903795571,1.93175481538095
"R004","SpA4",0.524637416798236,0.925322810910037
